col1,N/uchisq,g/rchisq,r/ichisq,i/zchisq,u/gchisq,totchisq,reducedtotchisq,totchisq2,reducedtotchisq2,starindex,modelindex,test2
0,137.5591278,79.06384525,1365.597002,6386.747471,7500.287409,7752.344472,7752.344472,15469.25485,3867.313714,0,92,0.498857311
1,0.079661144,2679.459278,6.254756028,669.6237257,8.755144849,675.8784817,675.8784817,3364.172566,841.0431415,1,95,1.244370348
2,5.008432801,666.3808482,151.0026321,1467.328401,689.0222178,1618.331033,1618.331033,2978.742531,744.6856329,2,1189,0.460156555
3,66.33451001,103.5724257,0.181121078,925.4698103,186.24742,925.6509314,925.6509314,1281.805287,320.4513218,3,1207,0.346190244
4,14.54779977,53.06943832,3.908068045,355.1972391,111.1223522,359.1053071,359.1053071,537.8448974,134.4612244,4,1207,0.374433966
5,495.4147053,3943.687674,2316.893656,12670.79108,914174.2072,14987.68474,14987.68474,933600.9943,233400.2486,5,130,15.57280212
6,14.94687678,279.6862061,197.441605,103.6368571,1425.138186,301.0784621,301.0784621,2020.849731,505.2124328,6,1199,1.678009212
7,49.21055787,7049.248641,0.250210309,933.542895,434.7542351,933.7931053,933.7931053,8467.006539,2116.751635,7,1206,2.26683151
8,98.77737931,790.4967483,0.537462434,0.51583261,3035.383058,1.053295044,1.053295044,3925.71048,981.4276201,8,341,931.7689529
9,12.79910258,402.238107,0.206238846,0.735809607,1351.430351,0.942048453,0.942048453,1767.409609,441.8524023,9,1205,469.0336266
10,14.60602044,23.65037213,0.299759609,0.975882274,72.05696753,1.275641883,1.275641883,111.589002,27.8972505,10,278,21.8691867
11,48.00792717,274.0977355,1700.038299,5012.711625,431.5506007,6712.749924,6712.749924,7466.406187,1866.601547,11,1185,0.27806809
12,22.8051208,1430.281122,1021.863862,527.0551532,3161.539372,1548.919015,1548.919015,6163.54463,1540.886158,12,1200,0.994813895
13,11.48840864,6471.747836,35.45164246,81.92934135,74.91733552,117.3809838,117.3809838,6675.534564,1668.883641,13,114,14.21766616
14,5.067457855,979.6579274,1558.923356,3.438939296,175.4762886,1562.362295,1562.362295,2722.563969,680.6409923,14,929,0.435648629
15,20.42701706,1170.205302,1310.055902,630.7476167,2052.697903,1940.803518,1940.803518,5184.133741,1296.033435,15,1198,0.667781887
16,15.14876051,1147.328001,660.6875071,5626.206266,66.66671914,6286.893773,6286.893773,7516.037254,1879.009313,16,1131,0.298877217
17,44.968204,144.4726148,2.261717145,446.0006116,80.81591005,448.2623287,448.2623287,718.5190576,179.6297644,17,1206,0.400724649
18,54.78228657,1206.056132,1.569085214,673.1334231,231.2033212,674.7025083,674.7025083,2166.744248,541.6860621,18,1206,0.802851709
19,25.49233228,52.90882591,0.113204187,748.7335067,0.809918577,748.8467109,748.8467109,828.0577877,207.0144469,19,93,0.276444356
20,39.76965046,5418.278557,59.45901002,356.0469226,1289.735933,415.5059326,415.5059326,7163.290072,1790.822518,20,1206,4.309980622
21,38.10155634,2473.646029,0.062808173,790.0301872,868.616524,790.0929954,790.0929954,4170.457104,1042.614276,21,94,1.319609568
22,7.478775463,95803.37036,1.543394292,902.1045857,485.0618249,903.64798,903.64798,97199.55894,24299.88973,22,95,26.89088038
23,0.216670324,379.1730656,7.841932129,20.63997362,11.52998781,28.48190575,28.48190575,419.4016295,104.8504074,23,1214,3.681298867
24,137.2029621,815.3366495,88.14941317,1158.728972,2228.430974,1246.878385,1246.878385,4427.848971,1106.962243,24,591,0.887786857
25,23.86435317,41.45468492,6.480592404,6.295137795,713.2011006,12.7757302,12.7757302,791.2958689,197.8239672,25,469,15.48435699
26,63.74320485,46.11050568,0.004828391,509.9988408,56.49148221,510.0036692,510.0036692,676.348862,169.0872155,26,92,0.331541174
27,39.2621235,5.644802314,71.79523118,66.94159862,352.8321781,138.7368298,138.7368298,536.4759337,134.1189834,27,465,0.966715065
28,287.8022204,1138.753657,29.29246339,1617.325268,829.6847461,1646.617731,1646.617731,3902.858354,975.7145886,28,1205,0.592556833
29,180.0767606,872.4421997,106.0817969,1078.402069,307.8943231,1184.483866,1184.483866,2544.897149,636.2242873,29,1205,0.537132084
30,4.76627409,23.70400429,0.887998119,0.106146328,20.93252375,0.994144447,0.994144447,50.39694658,12.59923664,30,284,12.67344668
31,0.520354038,0.282758783,0.964210714,0.024277256,0.446688734,0.98848797,0.98848797,2.238289525,0.559572381,31,482,0.566089217
32,25.11736814,72.06587128,0.232616734,0.707807048,89.70066105,0.940423782,0.940423782,187.8243243,46.95608106,32,255,49.93076732
33,22.58151848,55.54442233,0.952993445,0.050539662,150.9394673,1.003533107,1.003533107,230.0689412,57.51723531,33,454,57.3147362
34,7.243015359,20.82651201,0.382307639,0.633997286,50.19893564,1.016304925,1.016304925,79.28476794,19.82119198,34,109,19.50319387
35,9.753410227,8.665189319,1.438752482,4.612053905,17.81181727,6.050806387,6.050806387,42.2812232,10.5703058,35,527,1.746925141
36,3.892433453,0.952935683,0.954945564,0.042429113,7.279567338,0.997374676,0.997374676,13.12231115,3.280577788,36,246,3.289213037
37,2.842796827,17.06024822,0.666669653,0.3284221,32.47613088,0.995091753,0.995091753,53.37426768,13.34356692,37,105,13.40938349
38,46.99399573,0.049560221,0.890658993,0.137955236,107.2679353,1.028614228,1.028614228,155.3401055,38.83502637,38,257,37.75470462
39,6.967866394,120.1402748,0.78299031,0.235041914,61.1203537,1.018032225,1.018032225,189.2465271,47.31163178,39,294,46.4736092
40,3.312053929,20.24973333,0.189519547,0.817702315,18.1298854,1.007221862,1.007221862,42.69889452,10.67472363,40,276,10.598185
41,3.913014991,16.09845675,0.091647521,0.920423967,80.20143204,1.012071488,1.012071488,101.2249753,25.30624382,41,490,25.00440346
42,7.065825225,31.66669021,0.745047324,0.253626475,80.19900742,0.998673799,0.998673799,119.9301967,29.98254916,42,454,30.02236485
43,4.524507452,27.49004977,0.172893095,0.82690972,4.209247767,0.999802815,0.999802815,37.22360781,9.305901952,43,515,9.307737302
44,3.988979224,6.007821674,1.277772984,3.738132513,1.853126772,5.015905497,5.015905497,16.86583317,4.216458292,44,264,0.84061757
45,32.17298642,199.578733,0.001644397,1.001607749,443.4041877,1.003252147,1.003252147,676.1591592,169.0397898,45,454,168.4918297
46,6.39885552,80.50389374,0.409558531,0.575871294,83.11294985,0.985429825,0.985429825,171.0011289,42.75028223,46,280,43.38237098
47,6.375750759,18.33433275,0.576788887,0.37737757,14.80461114,0.954166457,0.954166457,40.4688611,10.11721528,47,277,10.60319738
48,12.35148904,62.95595511,0.632999269,0.315797199,52.34488577,0.948796468,0.948796468,128.6011264,32.1502816,48,256,33.88533019
49,6.626624053,0.275706099,0.643938211,1.801675113,19.99010207,2.445613324,2.445613324,29.33804555,7.334511388,49,535,2.999047853
50,486.9952836,0.073757562,0.114485583,14.09288523,1053.313339,14.20737082,14.20737082,1554.589751,388.6474377,50,1221,27.35533849
51,4.277616242,0.357571242,0.999446959,0.012949438,19.94133238,1.012396396,1.012396396,25.58891626,6.397229064,51,1210,6.318897506
52,5.628515212,56.46996774,0.366680023,1.00165072,137.2962312,1.368330743,1.368330743,200.7630449,50.19076122,52,1209,36.6802847
53,3.185196132,0.265581883,0.914121612,0.114034121,5.361049699,1.028155733,1.028155733,9.839983447,2.459995862,53,108,2.392629621
54,0.18186092,8.051561544,0.869822562,0.128083689,0.108301366,0.997906251,0.997906251,9.339630081,2.33490752,54,545,2.339806488
55,0.000764686,0.663448501,1.018067257,2.33E-05,0.001789051,1.018090515,1.018090515,1.684092753,0.421023188,55,552,0.413542001
56,0.074189893,3.484351355,0.916351591,0.078875371,0.008240767,0.995226963,0.995226963,4.562008977,1.140502244,56,336,1.145972011
57,13.22204244,7.780770062,0.646253486,0.34004076,19.12850955,0.986294246,0.986294246,41.1176163,10.27940407,57,270,10.42224885
58,66.89302346,3.266757077,0.683194812,0.251316085,66.09541366,0.934510897,0.934510897,137.1897051,34.29742627,58,113,36.70093777
59,13.75369808,32.52740752,0.926375296,0.075747058,56.39163069,1.002122355,1.002122355,103.6748586,25.91871466,59,247,25.86382246
60,7.328148267,26.55904177,0.535974093,0.396375606,53.20177299,0.932349699,0.932349699,88.02131272,22.00532818,60,248,23.60201134
61,28.9126739,28.30027038,0.152628632,0.836179895,59.83979985,0.988808528,0.988808528,118.0415527,29.51038817,61,280,29.84439084
62,7.901846867,10.2344106,0.012064017,1.000034652,9.115407166,1.012098669,1.012098669,28.2637633,7.065940825,62,452,6.981474277
63,20.99214082,27.21138902,0.847339164,0.142125303,178.6627263,0.989464467,0.989464467,227.8557206,56.96393015,63,265,57.57046566
64,341.4196871,17285.69633,1784.030124,12011.53397,564025.4821,13795.56409,13795.56409,595448.1622,148862.0405,64,122,10.79057294
65,190.9313346,7230.4604,432.984537,5410.791592,445634.5745,5843.776129,5843.776129,458899.7423,114724.9356,65,114,19.63198676
66,7.189580079,7.293115013,0.842030432,0.139409668,54.86386986,0.9814401,0.9814401,70.32800505,17.58200126,66,279,17.91449245
67,12.05247943,88.0987857,0.859195283,0.12877125,99.11332874,0.987966532,0.987966532,200.2525604,50.0631401,67,281,50.67291093
68,6.491751323,0.024936382,0.885566599,0.106979985,19.05826539,0.992546584,0.992546584,26.56749968,6.64187492,68,114,6.691751324
69,2.058034448,2.879668885,0.242521657,0.784939018,4.231678455,1.027460675,1.027460675,10.19684246,2.549210616,69,246,2.481078525
70,25.98914433,0.001029774,0.525020019,0.529478054,139.6326682,1.054498073,1.054498073,166.6773404,41.6693351,70,252,39.51580013
71,15.22349301,14.90720355,0.929231525,0.018913858,61.55679869,0.948145384,0.948145384,92.63564063,23.15891016,71,267,24.42548427
72,840.1852657,249.4639259,0.689627818,0.309565597,924.2054748,0.999193415,0.999193415,2014.85386,503.7134649,72,439,504.1200804
73,3.983525397,20.19835568,0.90593067,1.092028438,152.2758232,1.997959108,1.997959108,178.4556634,44.61391584,73,1208,22.32974422
74,4.014642882,19.04216213,0.580719381,0.43160113,21.63077454,1.012320511,1.012320511,45.69990006,11.42497502,74,403,11.28592663
75,12.37149165,6.179788947,0.641965308,0.359952795,30.3471405,1.001918103,1.001918103,49.9003392,12.4750848,75,268,12.45120211
76,10.25460582,34.37093944,2.395286016,4.80857734,82.6731404,7.203863355,7.203863355,134.502549,33.62563725,76,1211,4.667722803
77,8.366673453,54.40323664,0.525886502,0.480166956,64.70716108,1.006053458,1.006053458,128.4831246,32.12078116,77,276,31.92750932
78,8.679844723,35.12912876,0.463790115,0.542594631,60.58603546,1.006384746,1.006384746,105.4013937,26.35034842,78,258,26.1831755
79,18.48614303,32.61401338,0.418367956,0.671100148,104.3149992,1.089468105,1.089468105,156.5046237,39.12615593,79,467,35.91308066
80,4.041266589,42.3966195,0.748879555,0.282149036,40.04595009,1.03102859,1.03102859,87.51486476,21.87871619,80,262,21.22028079
81,6.647445812,0.177362837,0.072637056,0.903355373,21.53176134,0.975992429,0.975992429,29.33256242,7.333140605,81,259,7.513522019
82,13.8028369,0.233840077,0.649820414,0.338519779,74.39004826,0.988340193,0.988340193,89.41506543,22.35376636,82,244,22.61748183
83,9.134337333,0.418321918,0.750155079,0.33529631,19.86478406,1.08545139,1.08545139,30.5028947,7.625723676,83,269,7.025393996
84,7.24235521,19.28561386,1.759949819,4.367786854,4.995669471,6.127736673,6.127736673,37.65137522,9.412843804,84,259,1.536104488
85,15.96674842,119.8635781,0.137149943,3.09928985,228.8643143,3.236439792,3.236439792,367.9310806,91.98277015,85,1209,28.42097368
86,19.15862421,104.0141932,0.394563391,0.614950817,271.0030335,1.009514208,1.009514208,395.1853651,98.79634128,86,1205,97.86523115
87,34.35466432,1.129880911,0.551071299,0.42920136,13.89765443,0.980272658,0.980272658,50.36247231,12.59061808,87,427,12.84399597
88,15.20635985,52.21270136,0.549798643,0.47634787,85.48147832,1.026146513,1.026146513,153.926686,38.48167151,88,251,37.50114728
89,4.953571799,14.55486608,0.665555887,0.370987392,95.0850644,1.036543279,1.036543279,115.6300456,28.90751139,89,1211,27.88837858
90,5.721665058,1.499162069,1.364709868,2.329228914,0.949933925,3.693938782,3.693938782,11.86469983,2.966174958,90,440,0.80298433
91,7.170971672,313.9601537,24.64930407,67.13390638,81.40413209,91.78321045,91.78321045,494.3184679,123.579617,91,1199,1.346429443
92,0.226776636,5.432734948,0.049894412,0.95811311,0.20267277,1.008007522,1.008007522,6.870191876,1.717547969,92,335,1.703903921
93,11.06958013,43.84158392,0.693039732,0.267459054,29.70400627,0.960498786,0.960498786,85.5756691,21.39391728,93,259,22.27375774
94,0.007771049,0.22275738,0.990754743,0.009027502,0.109724099,0.999782245,0.999782245,1.340034773,0.335008693,94,84,0.335081659
95,2.202671184,3.875530323,1.016495578,0.002777738,7.027442977,1.019273316,1.019273316,14.1249178,3.53122945,95,240,3.464457859
96,10.34070678,14.78832075,0.96580526,0.017537423,13.61224115,0.983342683,0.983342683,39.72461136,9.931152841,96,430,10.09938144
97,5.546110044,16.97651085,0.700957758,0.369778138,18.05988856,1.070735896,1.070735896,41.65324536,10.41331134,97,302,9.72537801
98,56.69544797,60.88666286,0.947733142,0.095272063,180.4445763,1.043005205,1.043005205,299.0696924,74.76742309,98,255,71.68461168
99,2.734087905,12.98923593,0.240858154,2.820881433,5.4973809,3.061739587,3.061739587,24.28244432,6.07061108,99,79,1.982732661
100,2.090740118,4.392136538,0.540466882,0.416030959,11.74762886,0.956497841,0.956497841,19.18700336,4.796750839,100,114,5.014910262
101,27.5391279,224.2230703,0.16294461,1.135006397,84.93455751,1.297951006,1.297951006,337.9947067,84.49867667,101,1209,65.10159187
102,20.999936,7.792710217,1.048316239,0.005069138,103.9084691,1.053385376,1.053385376,133.7545007,33.43862518,102,248,31.74396183
103,17.64800105,65.62381735,0.456494954,0.489613082,103.6651391,0.946108036,0.946108036,187.8830656,46.97076639,103,107,49.64630319
104,16.73008186,65.62949363,0.278695747,0.747913717,117.9427004,1.026609463,1.026609463,201.3288853,50.33222133,104,100,49.02762259
105,2.716828481,32.39801469,0.210167662,0.779693317,31.89015508,0.989860979,0.989860979,67.99485923,16.99871481,105,274,17.1728305
106,4.005734388,0.238306312,0.05596339,0.975156157,3.777891262,1.031119547,1.031119547,9.053051509,2.263262877,106,253,2.194956814
107,5.314240877,19.87910412,0.000326455,0.909721676,33.2464694,0.910048132,0.910048132,59.34986253,14.83746563,107,249,16.30404493
108,7.035605291,1.434208319,0.135551496,0.848473307,9.769615311,0.984024803,0.984024803,19.22345372,4.805863431,108,249,4.883884447
109,1.275110238,2.071473207,0.916990229,0.082738512,0.485500469,0.999728741,0.999728741,4.831812655,1.207953164,109,434,1.208280921
110,6.681275509,33.53774505,0.768905668,0.267732417,34.46467669,1.036638085,1.036638085,75.72033533,18.93008383,110,258,18.26103449
111,9.735392254,62.43168028,0.221180289,0.781064746,76.29497086,1.002245035,1.002245035,149.4642884,37.36607211,111,102,37.28237187
112,10.58343217,2.678160622,0.862101165,0.108499824,13.51680455,0.970600989,0.970600989,27.74899834,6.937249584,112,252,7.147375351
113,21.10743725,84.11117959,0.981870855,0.005643728,263.9987616,0.987514583,0.987514583,370.204893,92.55122326,113,1208,93.72137365
114,17.90598987,16.09877008,0.700659043,0.316314545,24.06093855,1.016973588,1.016973588,59.08267209,14.77066802,114,255,14.52414123
115,4.943495382,67.29707438,0.872712678,0.096412342,46.56858735,0.96912502,0.96912502,119.7782821,29.94457053,115,1205,30.89856306
116,29.59249726,68.40188674,0.300281363,0.745734695,71.750208,1.046016057,1.046016057,170.7906081,42.69765201,116,114,40.81930838
117,28.78793611,4.53871532,50.28826356,82.53436412,311.7261393,132.8226277,132.8226277,477.8754184,119.4688546,117,528,0.899461611
118,17.68377164,20.37325488,0.000646758,0.954417962,104.0063979,0.95506472,0.95506472,143.0184891,35.75462228,118,279,37.43685798
119,3.049710732,9.050301482,0.885685787,0.112828253,15.88119603,0.99851404,0.99851404,28.97972228,7.24493057,119,444,7.255712268
120,5.576506013,1103.408117,538.121085,241.5639122,425.6022746,779.6849971,779.6849971,2314.271895,578.5679737,120,1193,0.742053491
121,9.156978986,188.769644,0.192752032,0.805454829,224.9174077,0.998206861,0.998206861,423.8422375,105.9605594,121,300,106.1509027
122,8.281084713,127.0254808,0.193883353,0.810722758,113.3671714,1.004606111,1.004606111,249.6783431,62.41958577,122,460,62.13339248
123,3.710586034,81.78691002,7.937472095,13.46661394,38.94952022,21.40408603,21.40408603,145.8511023,36.46277558,123,1201,1.70354275
124,6.059079472,1.223589457,0.125980688,0.8491242,26.29270981,0.975104888,0.975104888,34.55048363,8.637620907,124,491,8.858145431
125,4.892111827,5.68472384,0.817121486,2.009398705,10.32165524,2.826520191,2.826520191,23.7250111,5.931252776,125,266,2.098429296
126,4.859035517,1.310523794,0.750196429,0.249982142,32.55611406,1.000178572,1.000178572,39.72585194,9.931462985,126,284,9.929689824
127,8.518376392,63.23410346,0.783562769,0.235875661,80.36678476,1.019438429,1.019438429,153.138703,38.28467576,127,97,37.55467193
128,4.66654785,31.30799512,0.992239203,0.013975433,42.76567636,1.006214636,1.006214636,79.74643397,19.93660849,128,285,19.81347495
129,14.73692983,49.53788902,0.848226738,0.166759708,63.42261194,1.014986445,1.014986445,128.7124172,32.17810431,129,270,31.70298919
130,3.015804468,3.745373571,0.588641057,5.513839355,16.60912184,6.102480413,6.102480413,29.47278029,7.368195072,130,1207,1.207409868
131,6227.315072,1127.105996,51.77383291,277.5458343,7010.016939,329.3196672,329.3196672,14693.75767,3673.439418,131,54,11.15463115
132,416.0419567,191.9003031,0.656603583,0.285537176,594.3230538,0.942140759,0.942140759,1203.207454,300.8018636,132,326,319.2748648
133,5.152705584,30.74234264,0.390919004,2.86194229,7.101488541,3.252861294,3.252861294,46.24939806,11.56234952,133,95,3.554516615
134,55.09830061,1386.010797,7.966757185,20.15092821,110.6542651,28.11768539,28.11768539,1579.881048,394.970262,134,78,14.04704038
135,71.13992105,296.0426271,2.386710807,12.78878707,387.4642669,15.17549788,15.17549788,769.8223129,192.4555782,135,79,12.68199434
136,335.9929101,783.9918026,53.52526802,320.5699426,2138.800858,374.0952106,374.0952106,3632.880781,908.2201952,136,1191,2.427778195
137,12.61736659,439.9984743,153.7266515,252.3296454,38.64822705,406.0562969,406.0562969,897.3203648,224.3300912,137,51,0.552460565
138,29.11531251,236.6299425,2004.239565,1379.876999,333.9921405,3384.116565,3384.116565,3983.85396,995.96349,138,487,0.294305315
139,465.9696264,216.8097476,0.948104863,0.061960604,225.7724797,1.010065467,1.010065467,909.5619191,227.3904798,139,117,225.1244966
140,10.29241155,75.69498561,0.132688639,0.889449761,323.0357958,1.0221384,1.0221384,410.0453314,102.5113328,140,290,100.2910495
141,21.25457056,1.391784435,13.74776097,19.4312683,0.752572924,33.17902927,33.17902927,56.57795719,14.1444893,141,479,0.426308111
142,10.39365942,50.77334596,0.806307621,0.175551932,128.9493613,0.981859553,0.981859553,191.0982262,47.77455656,142,108,48.65722027
143,345.1374641,3774.579357,6.482235399,2545.000488,12109.34692,2551.482724,2551.482724,18780.54647,4695.136617,143,1166,1.840160066
144,39.01364719,103.223467,0.160751307,1.945919272,127.737202,2.106670579,2.106670579,272.0809868,68.02024671,144,94,32.28803183
145,89.17971183,23385.1804,1735.626748,138988.3734,415801.6307,140724.0001,140724.0001,579999.991,144999.9977,145,1131,1.030385703
146,3.053414929,25.04830263,0.579330905,0.249592338,0.196494597,0.828923243,0.828923243,29.12713539,7.281783849,146,102,8.78462983
147,52.12673982,0.779478887,0.000162473,1.015892901,44.73132973,1.016055374,1.016055374,98.65360381,24.66340095,147,233,24.27367797
148,5.335660321,560.2029756,18.69327779,4310.849738,27.96249173,4329.543015,4329.543015,4923.044143,1230.761036,148,86,0.284270426
149,13.40018292,310.5501035,254.6022725,79.27182107,945.1821112,333.8740935,333.8740935,1603.006491,400.7516228,149,560,1.200307633
150,8.537194313,584.1738292,376.8453167,1230.314993,8371.542479,1607.16031,1607.16031,10571.41381,2642.853453,150,1206,1.644424291
151,14.12764216,510.793053,7.275832086,21.31408618,20.3202109,28.58991826,28.58991826,573.8308243,143.4577061,151,11,5.017772516
152,5.859528299,1159.313544,1826.248629,680.0982529,948.040651,2506.346882,2506.346882,4619.560605,1154.890151,152,559,0.460786238
153,124.9693218,291.1511607,1700.913861,640.5709073,885.2253109,2341.484768,2341.484768,3642.830561,910.7076403,153,548,0.388944508
154,29.36752777,0.010161943,1.732506274,3.124226065,31.09713811,4.856732338,4.856732338,65.33156015,16.33289004,154,274,3.362938062
155,14.49582247,513.692708,12.39435129,10.12048071,722.0089002,22.51483201,22.51483201,1272.712263,318.1780657,155,89,14.13193159
156,14.10000839,22.84345015,0.823783023,1.717021606,123.2525264,2.540804629,2.540804629,162.7367896,40.6841974,156,465,16.01232812
157,470.087452,265.1829987,21.8559475,503.7228978,162.9662181,525.5788453,525.5788453,1423.815514,355.9538785,157,113,0.677260665
158,51.53788873,41327.42738,9.153570327,1032.877822,415.0821491,1042.031392,1042.031392,42836.07881,10709.0197,158,96,10.27706054
159,8.603152603,5.095170629,0.224296336,0.93138763,39.19986391,1.155683965,1.155683965,54.0538711,13.51346778,159,247,11.69304774
160,3.282175424,14.69302634,0.780768273,0.177801767,17.48463346,0.95857004,0.95857004,36.41840526,9.104601316,160,256,9.498107528
161,5.397773996,7.82963017,0.728515069,1.208611187,55.50756492,1.937126255,1.937126255,70.67209534,17.66802383,161,444,9.120739439
162,160.5510198,27850.05008,339.7231362,2857.316514,98494.45466,3197.03965,3197.03965,129702.0954,32425.52385,162,118,10.14235899
163,126.4162237,118.8274227,0.111465146,3.882449651,897.3854964,3.993914797,3.993914797,1146.623058,286.6557644,163,1206,71.77312962
164,31.80517714,800024.9608,346.3311604,4984.349142,1427.017855,5330.680303,5330.680303,806814.4641,201703.616,164,1206,37.83825039
165,108.7409371,69.62667871,0.769671324,0.197533549,610.9711676,0.967204873,0.967204873,790.3059883,197.5764971,165,1211,204.275746
166,0.040892637,605.2582984,36.91045292,76.07161917,87.39619456,112.9820721,112.9820721,805.6774577,201.4193644,166,249,1.782755093
167,9.000152488,67.39675301,0.596255971,0.185868097,76.74935764,0.782124068,0.782124068,153.9283872,38.4820968,167,99,49.20203631
168,5.481284752,36.61624403,0.84887918,0.084183738,63.10327501,0.933062918,0.933062918,106.1338667,26.53346668,168,464,28.43695334
169,7.331222185,15.40000506,1.829621364,4.97297632,30.54554342,6.802597685,6.802597685,60.07936835,15.01984209,169,478,2.20795684
170,15.56261372,71.14860031,0.971908637,0.009875263,252.0273439,0.9817839,0.9817839,339.7203418,84.93008546,170,398,86.5058853
171,40.58908063,371.7674799,295.7750731,2183.612741,5982.777012,2479.387814,2479.387814,8874.521387,2218.630347,171,1207,0.894829899
172,13.33498457,39.03675633,1.951038472,2.987526932,165.3776484,4.938565404,4.938565404,222.6879547,55.67198868,172,473,11.27290703
173,82.0904931,35.61487427,0.099988979,0.949533392,210.54066,1.049522371,1.049522371,329.2955497,82.32388744,173,251,78.43938321
174,69.76689131,128.083614,0.081727633,0.941088316,488.095889,1.022815949,1.022815949,686.9692103,171.7423026,174,251,167.9112481
175,5.641224001,125.7888885,0.164747839,0.806802075,116.3815904,0.971549914,0.971549914,248.7832528,62.19581319,175,286,64.01710534
176,8.042867259,90.18949836,0.484032058,0.507771563,54.98630347,0.991803621,0.991803621,154.2104727,38.55261818,176,99,38.87122144
177,135.8426099,88.60306695,0.370914727,0.792088549,842.3814578,1.163003276,1.163003276,1067.990138,266.9975345,177,1207,229.5759093
178,49.56461979,10419.6344,199.2727593,956.7941548,3472.443384,1156.066914,1156.066914,15097.70932,3774.42733,178,1205,3.264886559
179,11.81872692,48058.45143,3.670980428,1252.032969,4.700277922,1255.703949,1255.703949,49330.67438,12332.6686,179,55,9.821318634
180,8.114312055,121.4187814,0.568655822,0.431330856,243.3473584,0.999986678,0.999986678,373.8804386,93.47010965,180,1206,93.47135488
181,67.01096352,29493.77984,908.6520304,3188.072347,64821.17146,4096.724377,4096.724377,98478.68664,24619.67166,181,120,6.00959923
182,48.18414491,1609.690263,317.2124497,3892.618626,7263.992357,4209.831076,4209.831076,13131.69784,3282.92446,182,94,0.779823323
183,8.465753006,293.4228469,47.63428058,77.96502189,253.0692738,125.5993025,125.5993025,680.5571762,170.139294,183,472,1.354619737
184,1.68619869,1441.210314,22.93468686,171.688738,1174.57608,194.6234249,194.6234249,2812.096018,703.0240045,184,1206,3.612227074
185,153.9800494,677.9485099,66.79749982,960.82088,892.3941526,1027.61838,1027.61838,2751.941092,687.9852729,185,602,0.669494908
186,105.4774483,367.4356131,1.133437242,0.056540195,1393.034079,1.189977437,1.189977437,1867.137118,466.7842795,186,1207,392.2631347
187,376.0346522,751.303998,584.213771,56.0291429,69.92105458,640.2429139,640.2429139,1837.502619,459.3756547,187,5,0.71750213
188,8.294979394,56.03024986,0.509984768,0.492452797,63.18799899,1.002437565,1.002437565,128.5156658,32.12891645,188,262,32.05079058
189,5.939259385,2.849871365,0.885932707,0.007717347,85.59485742,0.893650054,0.893650054,95.27763822,23.81940956,189,543,26.65406828
190,5.389778744,3.206336409,0.053381408,0.932945185,70.53302111,0.986326592,0.986326592,80.11546286,20.02886571,190,468,20.30652511
191,312.0895714,88.90300609,33.76864538,1736.786355,147.7842528,1770.555,1770.555,2319.33183,579.8329575,191,1206,0.327486555
192,3.872853504,8726.799041,77.96630489,543.2047313,631.4840045,621.1710361,621.1710361,9983.326935,2495.831734,192,1205,4.017946087
193,10.07005881,45.3762218,0.290262545,0.737554677,131.5471619,1.027817222,1.027817222,188.0212597,47.00531493,193,265,45.73314587
194,177.5716689,597.1343349,86.9714975,1209.826654,1064.509416,1296.798151,1296.798151,3136.013571,784.0033929,194,738,0.604568562
195,41.21390928,145.7582936,1673.832986,20309.23103,192148.8829,21983.06401,21983.06401,214318.9192,53579.72979,195,75,2.437318554
196,12.6451929,116.2025487,0.929116524,0.10314989,137.9180193,1.032266414,1.032266414,267.7980273,66.94950683,196,272,64.85681017
197,56.31028056,2512.724825,8.512316366,1924.864031,4624.059876,1933.376348,1933.376348,9126.471329,2281.617832,197,650,1.180120898
198,6.673246147,60.07767937,0.684445337,0.275098185,132.0058114,0.959543522,0.959543522,199.7162805,49.92907012,198,294,52.0341902
199,7.128874367,3884.771801,0.359338092,467.7757948,38.84021804,468.1351329,468.1351329,4398.876026,1099.719007,199,85,2.349148631
200,16.27162962,6851.862352,1665.453332,0.508612991,231.9272192,1665.961945,1665.961945,8766.023146,2191.505786,200,1028,1.315459691
201,18.7138548,575.0155794,9.280920856,38.79314289,515.5866327,48.07406375,48.07406375,1157.390131,289.3475327,201,84,6.018786641
202,62.56524379,46.1583374,559.7455916,45.20793735,465.0780474,604.9535289,604.9535289,1178.755158,294.6887894,202,5,0.487126325
203,8.425481512,156.4435971,317.6672197,20888.991,92.06441614,21206.65822,21206.65822,21463.59172,5365.89793,203,1131,0.253028925
204,8.943524452,498.1185433,0.196010414,1.71687892,902.8421166,1.912889334,1.912889334,1411.817074,352.9542684,204,1199,184.5136894
205,4.81410426,444.0631637,1431.883169,730.5008688,692.6897048,2162.384038,2162.384038,3303.95101,825.9877526,205,1194,0.381980138
206,52.03974513,1924.906204,387.3540206,5976.669385,2863.890562,6364.023406,6364.023406,11204.85992,2801.214979,206,94,0.440164154
207,5.437236433,8.130460759,58.25403035,157.268021,629.7064204,215.5220514,215.5220514,858.796169,214.6990422,207,559,0.996181323
208,4.873741908,35.31400427,68.17263241,63.86002608,311.393031,132.0326585,132.0326585,483.6134357,120.9033589,208,1201,0.915707979
209,195.5780609,506466.7126,5955.955502,46296.22955,341.2311327,52252.18505,52252.18505,559255.7068,139813.9267,209,1131,2.675752728
210,6.226303238,638.3741993,161.5416581,741.2863527,948.0287751,902.8280108,902.8280108,2495.457288,623.8643221,210,1191,0.691011261
211,9.246882679,283.5770627,55.83551809,1837.285385,120.1143942,1893.120903,1893.120903,2306.059243,576.5148108,211,1187,0.304531427
212,25.75463689,384.3649227,71.66605092,2945.423814,14.57931339,3017.089865,3017.089865,3441.788738,860.4471846,212,93,0.285191102
213,4.763317211,2918.387778,129.3417561,1465.711667,470.4148736,1595.053423,1595.053423,4988.619392,1247.154848,213,86,0.781889077
214,369.2889461,148187.7704,401.5381833,555.2987691,298.5975982,956.8369524,956.8369524,149812.4939,37453.12346,214,1226,39.14263906
215,14.37454387,580.8951266,192.1669357,60.96235927,2458.589479,253.129295,253.129295,3306.988444,826.7471111,215,557,3.266106008
216,106.4720325,23390.26145,7890.722652,987.2667585,296.4416939,8877.98941,8877.98941,32671.16459,8167.791147,216,1131,0.920004606
217,10.61345953,340.3748912,1.219886675,10.16176802,417.5752968,11.3816547,11.3816547,779.9453021,194.9863255,217,1207,17.1316325
218,5.554318801,1451.479978,5.144612977,1488.169626,567.9730028,1493.314239,1493.314239,3518.321538,879.5803845,218,96,0.589012253
219,48.40852287,684.3701465,85.50213047,2147.425815,1303.178137,2232.927945,2232.927945,4268.884751,1067.221188,219,637,0.477946989
220,64.95464813,93.12402718,114.6071065,4092.906981,19503.48103,4207.514087,4207.514087,23869.07379,5967.268448,220,1208,1.418240872
221,16.24235229,703.2777062,202.1720145,70.91781264,417.2443785,273.0898271,273.0898271,1409.854264,352.463566,221,6,1.290650662
222,15.01511888,216.6301933,365.8591434,8384.099596,169.1781989,8749.958739,8749.958739,9150.78225,2287.695563,222,1131,0.261452154
223,25.57057387,26184.74641,19.75389959,924.284633,408.6342561,944.0385326,944.0385326,27562.98977,6890.747442,223,93,7.299222653
224,31.97019766,233657.2563,0.113878947,794.8659019,532.7293717,794.9797808,794.9797808,235016.9356,58754.2339,224,97,73.9065764
225,144.576937,26889.69772,1484.149965,0.000411435,12563.8735,1484.150377,1484.150377,41082.29853,10270.57463,225,1125,6.92017116
226,20.55146395,1567.365998,858.7661405,5.700439105,939.6993092,864.4665796,864.4665796,3392.083351,848.0208377,226,1131,0.98097585
227,130.4263552,1353.09039,72.06381498,3345.479432,946.9541297,3417.543247,3417.543247,5848.014122,1462.003531,227,1205,0.427793718
228,6.116162778,694.9601987,565.6343477,194.7537986,555.2778038,760.3881463,760.3881463,2016.742312,504.1855779,228,552,0.663063437
229,119.219756,67.1712983,1.070262325,0.000357441,385.8095987,1.070619766,1.070619766,573.2712728,143.3178182,229,269,133.8643492
230,4.05536182,14.8185581,0.000177206,0.992206824,45.69595748,0.992384031,0.992384031,65.56226143,16.39056536,230,270,16.5163534
231,1029.01068,1816.01077,185.1246369,5114.043475,0.382660864,5299.168112,5299.168112,8144.572223,2036.143056,231,1185,0.384238245
232,12.10703357,12.9003366,1.675259245,2.90305827,6.004191354,4.578317515,4.578317515,35.58987904,8.897469759,232,279,1.943392901
233,22.51041018,81331.17695,44.75764587,1133.767987,691.7783438,1178.525633,1178.525633,83223.99134,20805.99783,233,1205,17.65425992
234,32.22632904,32.28161368,0.345609505,1040.118334,677.3995934,1040.463944,1040.463944,1782.37148,445.59287,234,97,0.428263634
235,2.256553066,60.96156893,0.013824026,1.023573771,51.6780624,1.037397797,1.037397797,115.9335822,28.98339555,235,278,27.93855514
236,77.06841129,1187.14773,4.028587976,1610.366627,18461.00846,1614.395215,1614.395215,21339.61982,5334.904955,236,1206,3.304584221
237,32.94371543,4171.527287,19.7019401,261.0553089,1696.952772,280.757249,280.757249,6182.181023,1545.545256,237,1208,5.504916654
238,59.98801611,2230.510097,725.9430644,3978.845487,17.72336186,4704.788551,4704.788551,7013.010027,1753.252507,238,1131,0.372652774
239,5.201136509,11.9352989,0.370708215,0.827601855,27.80271643,1.19831007,1.19831007,46.1374619,11.53436548,239,463,9.625526621
240,374.5371586,31649.3572,1238.003412,4806.330746,115577.271,6044.334157,6044.334157,153645.4995,38411.37487,240,120,6.354939
241,3.510591415,58.14913085,0.651809858,0.368437796,29.14181972,1.020247654,1.020247654,91.82178964,22.95544741,241,293,22.49987767
242,5.281407322,829.2479379,0.831679106,1247.743954,1897.285126,1248.575633,1248.575633,3980.390104,995.097526,242,87,0.796986182
243,4.583338729,1074.767702,176.1876255,123.6304063,489.282752,299.8180317,299.8180317,1868.451825,467.1129562,243,442,1.557988202
244,32.17298642,199.578733,0.001644397,1.001607749,443.4041877,1.003252147,1.003252147,676.1591592,169.0397898,244,454,168.4918297
245,12.44350843,328.8509294,31.47620305,1128.776599,174.6449428,1160.252802,1160.252802,1676.192182,419.0480456,245,673,0.361169605
246,12.87079075,644.4083092,1541.230498,517.6180816,353.3921816,2058.848579,2058.848579,3069.519861,767.3799653,246,1193,0.372722877
247,32.02508767,876.0203499,1654.436282,504.5513763,1351.414807,2158.987658,2158.987658,4418.447903,1104.611976,247,1199,0.511634224
248,2.237365542,43.69159238,0.700306995,0.34846839,4.097419298,1.048775385,1.048775385,51.07515261,12.76878815,248,257,12.17495027
249,43.93397671,3247.460534,0.371714098,622.8800723,7.637113841,623.2517864,623.2517864,3922.283411,980.5708527,249,1205,1.573314147
250,23.55549222,2716.288521,0.758859624,993.1091609,6281.850473,993.8680205,993.8680205,10015.56251,2503.890627,250,1186,2.519339163
251,5.219417966,3869.331458,384.7670158,11841.54684,1118.216085,12226.31386,12226.31386,17219.08082,4304.770205,251,1187,0.352090602
252,42.90197763,4.674525251,356.350122,4096.905322,4624.485616,4453.255444,4453.255444,9125.317562,2281.329391,252,1206,0.512283524
253,3.408626365,44.24078176,0.002765425,1.010059979,33.4948347,1.012825405,1.012825405,82.15706823,20.53926706,253,288,20.27917839
254,14.94419515,307.6898418,257.3138551,60.16857942,2083.686477,317.4824345,317.4824345,2723.802948,680.9507371,254,1198,2.144845393
255,4.126488602,20.67672509,0.299759619,0.975881628,9.147429171,1.275641247,1.275641247,35.22628411,8.806571028,255,278,6.90364242
256,3.804460404,62.79784726,0.437782804,0.536596418,71.98585721,0.974379222,0.974379222,139.5625441,34.89063602,256,443,35.80806654
257,27.36052031,6733.997471,64.33986137,1109.242158,874.6124665,1173.582019,1173.582019,8809.552477,2202.388119,257,93,1.876637579
258,9.764685919,350.6006628,0.674022905,969.5560413,1143.82412,970.2300642,970.2300642,2474.419533,618.6048833,258,91,0.637585771
259,0.630663509,342.6274526,44.8027829,1078.048713,292.4996404,1122.851496,1122.851496,1758.609252,439.652313,259,1205,0.391549831
260,125.301332,346.4262449,7.815986723,1119.081616,47.16445702,1126.897602,1126.897602,1645.789636,411.4474091,260,1209,0.365115169
261,49.17362991,25287.74567,8.961991479,2045.936799,854.8314422,2054.89879,2054.89879,28246.64953,7061.662383,261,89,3.436501309
262,22.25988127,649.9469515,48.87390377,85.41722552,1126.241735,134.2911293,134.2911293,1932.739697,483.1849243,262,360,3.598040518
263,48.97591599,57907.99185,12.03283695,171.6522835,5.684849973,183.6851204,183.6851204,58146.33773,14536.58443,263,125,79.13860632
264,203.7967888,81337.89693,202.5897809,369.623908,1380.205079,572.2136889,572.2136889,83494.11249,20873.52812,264,1226,36.4785543
265,20.1667759,30396.55452,1567.909516,14225.0726,751266.6419,15792.98212,15792.98212,797476.3453,199369.0863,265,153,12.62390376
266,3.568528747,16581.50746,49.20109245,1200.529726,490.6572329,1249.730818,1249.730818,18325.46404,4581.366009,266,1207,3.665882239
267,8.627996554,104.388251,0.823445155,0.24512849,147.8986836,1.068573645,1.068573645,261.9835049,65.49587622,267,1206,61.29280519
268,66.33451001,103.5724257,0.181121078,925.4698103,186.24742,925.6509314,925.6509314,1281.805287,320.4513218,268,1207,0.346190244
269,24.45301517,439.0962039,91.96880741,2277.006025,857.6656125,2368.974832,2368.974832,3690.189664,922.547416,269,851,0.389428965
270,4.743073633,489.974666,882.7617089,355.1128861,347.7265485,1237.874595,1237.874595,2080.318883,520.0797208,270,559,0.420139264
271,20.71982114,691.9528034,72.21700221,236.2848798,1531.686121,308.501882,308.501882,2552.860628,638.215157,271,362,2.068756122
272,5.167922051,2.934153884,0.959394321,1.470596829,0.521682504,2.42999115,2.42999115,11.05374959,2.763437397,272,271,1.137221177
273,5.580347123,0.000139022,1.963321157,4.053530962,3.748472104,6.016852118,6.016852118,15.34581037,3.836452592,273,448,0.637617897
274,19.01127378,39.03788117,290.1679994,369.1313104,680.3357779,659.2993098,659.2993098,1397.684243,349.4210607,274,52,0.529988513
275,29.96448873,3478.99544,1129.225272,3917.775674,1117.493422,5047.000946,5047.000946,9673.454297,2418.363574,275,1131,0.479168441
276,307.6371936,2163.157211,0.941869347,742.3995525,373.0505624,743.3414219,743.3414219,3587.186389,896.7965971,276,1186,1.206439693
277,5.429775201,2.057733463,0.191209087,0.803891595,10.79437863,0.995100683,0.995100683,19.27698798,4.819246995,277,471,4.842974262
278,63.79706057,45.45848157,7.653697562,29.14053788,473.8603963,36.79423544,36.79423544,619.9101739,154.9775435,278,1207,4.212006082
279,12.32762037,1.543446161,3.364249076,7.087097458,5.869894595,10.45134653,10.45134653,30.19230766,7.548076914,279,480,0.722210951
280,72.87792499,2903.200255,1001.008948,4334.957387,1475.004812,5335.966335,5335.966335,9787.049327,2446.762332,280,1131,0.458541561
281,177.7382939,374996.8723,3.11331896,1280.942317,861.9202899,1284.055636,1284.055636,377320.5865,94330.14662,281,96,73.46266314
282,444.1781184,136.4466948,0.145135014,1.188566522,957.0279656,1.333701536,1.333701536,1538.98648,384.7466201,282,105,288.4803007
283,5.228218591,7.195936748,0.12739669,0.843345353,16.50272006,0.970742043,0.970742043,29.89761744,7.474404361,283,273,7.699681308
284,1.973845681,1213.684504,0.836685545,891.7250767,2584.144922,892.5617622,892.5617622,4692.365034,1173.091258,284,88,1.314297014
285,7.066539694,3538.22365,65.91492175,2140.450521,303.7167716,2206.365443,2206.365443,6055.372404,1513.843101,285,1206,0.686125277
286,8.560992276,12.25602778,0.277238175,0.934818848,12.24333914,1.212057022,1.212057022,34.27241622,8.568104054,286,261,7.069060198
287,168.8571389,533.0453886,0.012992156,1.001013523,914.5749852,1.014005679,1.014005679,1617.491518,404.3728796,287,75,398.7875885
288,156.624812,315.1859195,0.250210297,1477.400808,250.5300635,1477.651019,1477.651019,2199.991814,549.9979534,288,1206,0.372210993
289,14.94687678,279.6862061,197.441605,103.6368571,1425.138186,301.0784621,301.0784621,2020.849731,505.2124328,289,1199,1.678009212
290,127.7625959,4263.194293,11.70255195,98.24037551,302.5894178,109.9429275,109.9429275,4803.489234,1200.872309,290,122,10.92268813
291,98.77737931,790.4967483,0.537462434,0.51583261,3035.383058,1.053295044,1.053295044,3925.71048,981.4276201,291,341,931.7689529
292,29.96491359,739.6678369,1.570973413,691.9667655,3904.39927,693.5377389,693.5377389,5367.56976,1341.89244,292,94,1.934851364
293,54.3478715,96.38557122,0.015071201,0.932168627,369.5392665,0.947239829,0.947239829,521.219949,130.3049873,293,107,137.5628255
294,751.5320306,504.0582839,69.32850578,72.61693428,3216.942107,141.9454401,141.9454401,4614.477862,1153.619465,294,91,8.127203416
295,148.9745914,13273.79084,0.034155793,989.3578017,11894.17499,989.3919574,989.3919574,26306.33239,6576.583097,295,106,6.647095771
296,232.1781974,50.41228952,0.9020861,0.039782436,500.9865093,0.941868535,0.941868535,784.5188647,196.1297162,296,120,208.2347045
297,13.49960146,0.352487565,0.835576539,0.002470672,19.73031739,0.838047211,0.838047211,34.42045363,8.605113406,297,239,10.26805327
298,45.94137857,474.5657725,750.9980219,350.6650238,1113.938836,1101.663046,1101.663046,2736.109033,684.0272583,298,508,0.620904242
299,7.423714778,13.82398643,0.72387264,0.295919348,90.71406556,1.019791988,1.019791988,112.9815588,28.24538969,299,399,27.69720691
300,43.56193288,1236.961353,61.68002588,2130.157566,1535.474806,2191.837592,2191.837592,5007.835684,1251.958921,300,1188,0.571191463
301,33.79942057,57024.05317,45.60562309,422.9834377,360.3609165,468.5890608,468.5890608,57886.80257,14471.70064,301,134,30.88356484
302,6.210648265,507.0533668,2592.055298,1682.129599,472.4672888,4274.184897,4274.184897,5259.916201,1314.97905,302,1193,0.307656099
303,63.91459667,201.5233529,0.525858583,0.468210243,718.0688679,0.994068826,0.994068826,984.5008862,246.1252216,303,439,247.593743
304,7.906245088,11.17771074,0.000612358,1.014083761,0.092806698,1.014696119,1.014696119,20.19145864,5.047864661,304,102,4.974755068
305,20.16099018,93920.90515,39.98060734,835.5232243,751.4342684,875.5038317,875.5038317,95568.00424,23892.00106,305,94,27.28943061
306,150.813921,3663.161303,1127.504614,63.63672446,413.6434994,1191.141338,1191.141338,5418.760062,1354.690015,306,1131,1.137304174
307,24.78287212,5056.986165,66.16182789,1228.62811,354.9371679,1294.789938,1294.789938,6731.496143,1682.874036,307,90,1.299727459
308,12.24367785,31.39965442,0.290147448,0.736131906,48.96748731,1.026279355,1.026279355,93.63709892,23.40927473,308,257,22.80984668
309,432.2711698,948.9778766,6.752773288,2609.831458,451.8843306,2616.584232,2616.584232,4449.717609,1112.429402,309,93,0.425145649
310,126.7803,14272.72029,68.15223372,745.7091017,951.8209615,813.8613354,813.8613354,16165.18288,4041.295721,310,1205,4.965582644
311,105.6501929,331944.8404,50.41028409,360.077183,313.430952,410.4874671,410.4874671,332774.409,83193.60226,311,96,202.6702614
312,62.46365761,51.82673151,3.631919582,4.182877561,404.0999785,7.814797144,7.814797144,526.2051648,131.5512912,312,467,16.83361561
313,7.595744247,1.341588946,0.988972299,0.003146078,29.15610494,0.992118377,0.992118377,39.08555651,9.771389128,313,240,9.849015354
314,17.55371683,30.507676,0.01823736,1.091304372,21.55796208,1.109541732,1.109541732,70.72889664,17.68222416,314,1215,15.93651113
315,3.834699709,90318.30094,9.643153065,156.7491896,350.6515495,166.3923427,166.3923427,90839.17953,22709.79488,315,1210,136.4834133
316,8.715846664,221.2975267,1233.096196,316.570334,1928.308539,1549.66653,1549.66653,3707.988442,926.9971105,316,1194,0.598191348
317,27.36117857,13.78185158,0.95991572,0.016300592,161.966236,0.976216311,0.976216311,204.0854825,51.02137062,317,251,52.2644111
318,6.557996963,2.270832326,0.075581621,1.066519316,25.04254623,1.142100937,1.142100937,35.01347646,8.753369115,318,100,7.664269272
319,564.6168101,7572.885589,229.7606548,5196.245657,8919.920224,5426.006311,5426.006311,22483.42893,5620.857234,319,1208,1.035910559
320,123.9770395,280.8113584,47.02924029,496.8046011,653.5009223,543.8338414,543.8338414,1602.123162,400.5307904,320,1206,0.736494789
321,69.056325,2042.418601,579.8677365,443.6920574,2310.723955,1023.559794,1023.559794,5445.758674,1361.439669,321,1200,1.330102723
322,1.213776731,2.135862163,0.644992402,0.354084179,0.422944433,0.999076581,0.999076581,4.771659908,1.192914977,322,269,1.194017556
323,42.54052795,13647.89707,1189.069389,6719.915133,534823.5349,7908.984522,7908.984522,556422.957,139105.7393,323,153,17.58831856
324,9.314790556,1.565516303,0.842477664,0.112118429,21.99824955,0.954596093,0.954596093,33.8331525,8.458288124,324,271,8.860593699
325,107.1395324,72.7342358,0.003414692,1.219640801,999.0870232,1.223055494,1.223055494,1180.183847,295.0459617,325,1207,241.236774
326,96.08119028,604.5344269,46.77492266,174.2585797,1007.7883,221.0335024,221.0335024,1929.437419,482.3593549,326,51,2.182290692
327,12.850621,52.2521158,194.2303081,72.04672066,475.3791964,266.2770287,266.2770287,806.758962,201.6897405,327,16,0.757443259
328,10.67272728,544.2911348,2685.523416,330.9010107,94.05604919,3016.424427,3016.424427,3665.444338,916.3610846,328,23,0.3037905
329,3.463587987,0.508968676,0.777810257,0.228725998,17.96186862,1.006536255,1.006536255,22.94096154,5.735240385,329,249,5.697996825
330,6.166655017,73.40262931,0.824418638,0.241745512,47.58786806,1.066164149,1.066164149,128.2233165,32.05582913,330,295,30.06650444
331,48.76947159,951.4463804,810.644925,273.5489877,993.2686563,1084.193913,1084.193913,3077.678421,769.4196052,331,554,0.709669734
332,9.70538775,43266.67561,3.084085516,1050.490914,16175.89886,1053.575,1053.575,60505.85486,15126.46372,332,94,14.35727283
333,107.8144649,13.68618817,0.463749214,1.462786156,87.90927042,1.92653537,1.92653537,211.3364588,52.83411471,333,277,27.42441978
334,28.60306716,50.70071521,0.861391216,0.311500529,225.4160958,1.172891745,1.172891745,305.89277,76.47319249,334,1211,65.2005548
335,1912.587957,2393.342997,468.2028218,11973.64832,522.3754407,12441.85114,12441.85114,17270.15754,4317.539384,335,1131,0.347017444
336,3.695498482,45.44653763,0.95453677,0.03165525,33.72390308,0.986192019,0.986192019,83.85213122,20.9630328,336,459,21.25654274
337,184.2724974,73.4347821,0.693322611,0.285438756,250.027584,0.978761367,0.978761367,508.7136249,127.1784062,337,250,129.9381141
338,3.837438653,0.17571736,1.34602205,3.289801555,0.526082487,4.635823604,4.635823604,9.175062104,2.293765526,338,253,0.494791373
339,291.1420991,233.0132612,6.306605926,2146.76642,178.6702318,2153.073026,2153.073026,2855.898618,713.9746544,339,1208,0.331607264
340,27.58375092,56.33233694,0.983857223,0.023281597,180.9284812,1.007138819,1.007138819,265.8517078,66.46292696,340,273,65.99182325
341,19.69194634,94.04384953,0.00082187,0.957990568,255.4907234,0.958812438,0.958812438,370.1853317,92.54633294,341,269,96.52183184
342,3.719317522,27.41216677,0.39178745,0.584006061,14.64843549,0.975793511,0.975793511,46.75571329,11.68892832,342,112,11.97889532
343,6.818718603,29.10807537,0.907834795,0.138184966,66.39454203,1.046019761,1.046019761,103.3673558,25.84183894,343,275,24.70492424
344,98.55185205,1022.385416,60.47408928,51.88564144,2973.270082,112.3597307,112.3597307,4206.567081,1051.64177,344,1192,9.359596748
345,5.889440597,26.00786478,0.25197451,0.688618339,22.18650504,0.940592849,0.940592849,55.02440327,13.75610082,345,94,14.624926
346,5.402904179,91.79044639,7.963361493,19.62519626,130.8840999,27.58855775,27.58855775,255.6660083,63.91650206,346,87,2.316775768
347,7.16129374,6807.652028,4.776814667,113.7657945,53.60148849,118.5426092,118.5426092,6986.95742,1746.739355,347,96,14.73511818
348,20.93351352,114.5775562,486.2934437,517.5430309,126.5452769,1003.836475,1003.836475,1265.892821,316.4732053,348,1185,0.315263704
349,3.281266356,1.813764737,0.778707746,0.208145521,9.146003886,0.986853267,0.986853267,15.22788825,3.806972061,349,266,3.857688056
350,396.9718454,8711.473874,0.284748542,629.1663281,27467.01561,629.4510767,629.4510767,37204.9124,9301.228101,350,114,14.77672919
351,40.00456457,302.2955536,37.9866725,41.9424142,214.3359836,79.9290867,79.9290867,636.5651885,159.1412971,351,247,1.991031096
352,36.26651755,55.11182609,0.808467678,0.323052303,149.8044407,1.131519981,1.131519981,242.3143043,60.57857607,352,104,53.53734542
353,24.72943918,84.05554913,0.699826021,0.315095153,132.3084702,1.014921174,1.014921174,242.1083796,60.52709491,353,249,59.63723733
354,8.745808418,144.9653121,34.91328563,2562.297916,490.6183277,2597.211202,2597.211202,3241.54065,810.3851626,354,1187,0.31202128
355,17.81467204,57.04814068,0.708000358,0.135653619,85.06360228,0.843653977,0.843653977,160.770069,40.19251725,355,247,47.64099778
356,7.979237029,20.23734376,0.985826754,0.001578961,18.73814842,0.987405715,0.987405715,47.94213492,11.98553373,356,129,12.1384083
357,8.059335494,4.387366909,0.570182971,0.42917746,27.47428162,0.99936043,0.99936043,40.92034445,10.23008611,357,433,10.23663315
358,88.29567853,865.1192052,525.6649218,1607.499718,775.8803189,2133.164639,2133.164639,3862.459842,965.6149605,358,1131,0.452667808
359,11.47575229,254.1623536,503.1746853,137.4843706,708.1059276,640.6590559,640.6590559,1614.403089,403.6007723,359,561,0.629977472
360,103.1346669,195.1203926,1.584044771,5.934391007,1485.383077,7.518435778,7.518435778,1791.156573,447.7891432,360,1208,59.55881734
361,30.77242674,298.9438261,202.9976969,83.20993543,834.6298693,286.2076324,286.2076324,1450.553754,362.6384386,361,519,1.267046709
362,13.18607918,95.48019715,0.082246166,0.861964142,228.3005162,0.944210308,0.944210308,337.9110028,84.4777507,362,1205,89.4692104
363,8.69E-05,1285.840884,4.171378558,836.0786024,2975.202922,840.2499809,840.2499809,5101.293874,1275.323469,363,116,1.517790536
364,13.22204244,7.780770062,0.646253486,0.34004076,19.12850955,0.986294246,0.986294246,41.1176163,10.27940407,364,270,10.42224885
365,66.89302346,3.266757077,0.683194812,0.251316085,66.09541366,0.934510897,0.934510897,137.1897051,34.29742627,365,113,36.70093777
366,7.276984659,1.379801239,1281.791053,44.85054347,570.6100365,1326.641596,1326.641596,1905.908419,476.4771047,366,6,0.359160384
367,146.2761318,3003.935726,1418.163601,0.737524686,434.3029912,1418.901126,1418.901126,5003.415975,1250.853994,367,928,0.881565298
368,431.2417117,91.78473528,0.655724567,0.379873005,499.5027364,1.035597572,1.035597572,1023.564781,255.8911952,368,254,247.0952058
369,236.469067,245.5561997,0.0201245,2.277029561,1631.579602,2.297154061,2.297154061,2115.902023,528.9755058,369,1207,230.2742836
370,5.344309421,64.4968202,0.52014069,0.482579454,122.8709019,1.002720144,1.002720144,193.7147517,48.42868793,370,276,48.29731228
371,21.91294907,0.126769402,1.369557363,2.407454597,0.713097874,3.77701196,3.77701196,26.52982831,6.632457077,371,263,1.756006374
372,46.45772343,1294.293659,818.6072507,276.4102401,2031.712156,1095.017491,1095.017491,4467.481029,1116.870257,372,558,1.019956545
373,2.237094688,21008.53783,10.81815404,622.6086514,645.3256537,633.4268055,633.4268055,22289.52738,5572.381845,373,1208,8.797199293
374,16.31511019,1074.77926,0.443025795,0.652937704,0.093460694,1.095963499,1.095963499,1092.283794,273.0709485,374,95,249.1606232
375,35.5704916,2.544484376,0.878150326,0.064563535,11.46365985,0.942713861,0.942713861,50.52134969,12.63033742,375,108,13.39784843
376,192.1559194,17.52208511,0.022750304,0.897323346,314.4675209,0.920073649,0.920073649,525.0655991,131.2663998,376,256,142.6694481
377,24.32642022,40.67289586,0.228891892,1.181009781,75.26271238,1.409901672,1.409901672,141.6719301,35.41798253,377,308,25.12088838
378,72.10848076,77.3952972,1406.742049,68.93569856,855.6120891,1475.677748,1475.677748,2480.793615,620.1984037,378,12,0.420280379
379,111.9514519,2269.329642,3801.623637,841.4105268,2236.643267,4643.034164,4643.034164,9260.958524,2315.239631,379,1193,0.498647985
380,7.229610416,0.721839929,0.176484473,2.360497133,110.2523595,2.536981606,2.536981606,120.7407915,30.18519787,380,1207,11.89807518
381,5.257157946,0.703658846,0.871175419,0.103049781,35.4626552,0.9742252,0.9742252,42.39769719,10.5994243,381,252,10.87985026
382,78.18385828,50.24121236,0.013690812,0.929999122,273.3435202,0.943689933,0.943689933,402.7122808,100.6780702,382,250,106.6855401
383,10.59026222,10.89273656,0.000887772,1.099711028,55.97974909,1.1005988,1.1005988,78.56334667,19.64083667,383,1204,17.84559157
384,7.059640083,8.722459582,0.04499266,0.938187242,59.35744973,0.983179902,0.983179902,76.12272929,19.03068232,384,548,19.35625646
385,192.5670869,127.3716356,0.954088975,0.027043589,487.5965247,0.981132565,0.981132565,808.5163797,202.1290949,385,275,206.0160902
386,36.03922229,2288.148036,1497.718489,339.4269275,2247.219117,1837.145416,1837.145416,6408.551792,1602.137948,386,1194,0.872080094
387,67.94827842,362.8884133,8.692387415,54.70318272,894.2745018,63.39557014,63.39557014,1388.506764,347.1266909,387,1208,5.475566987
388,30.74281166,145.6594321,0.08551745,0.869394551,292.795409,0.954912001,0.954912001,470.1525647,117.5381412,388,255,123.0879297
389,782.1031418,395.5955343,33.02596772,230.9649313,1584.811826,263.990899,263.990899,3026.501401,756.6253503,389,1208,2.866103919
390,3.632159591,16537.60708,19.75541763,553.1157545,73.5893512,572.8711722,572.8711722,17187.69976,4296.924941,390,87,7.500682788
391,15.26788615,786.1886622,0.949544674,2.44934977,249.549004,3.398894445,3.398894445,1054.404447,263.6011117,391,1207,77.55495676
392,559.4177887,10715.65064,204.9555552,1280.615413,28312.65759,1485.570968,1485.570968,41073.29699,10268.32425,392,136,6.912038851
393,111.5488044,518.5668582,0.001964481,1.007765055,1185.51699,1.009729536,1.009729536,1816.642382,454.1605954,393,305,449.7844021
394,7.901846867,10.2344106,0.012064017,1.000034652,9.115407166,1.012098669,1.012098669,28.2637633,7.065940825,394,452,6.981474277
395,10.93690356,0.050682467,0.843408738,0.146831874,18.09704289,0.990240612,0.990240612,30.07486952,7.518717381,395,145,7.592818643
396,20.99214082,27.21138902,0.847339164,0.142125303,178.6627263,0.989464467,0.989464467,227.8557206,56.96393015,396,265,57.57046566
397,25.21953656,1049.842051,6.32536097,14.01133336,72.49015781,20.33669433,20.33669433,1167.88844,291.9721099,397,458,14.35691097
398,5.060126482,38.37520924,0.761255797,0.233085982,34.6249976,0.994341779,0.994341779,79.0546751,19.76366878,398,268,19.87613233
399,21.51329201,2835.097737,110.6429042,2058.697422,6766.764021,2169.340327,2169.340327,11792.71538,2948.178844,399,87,1.3590209
400,16.30648423,0.423423039,0.132051125,0.889996956,17.24432606,1.022048081,1.022048081,34.99628141,8.749070352,400,132,8.560331472
401,190.9313346,7230.4604,432.984537,5410.791592,445634.5745,5843.776129,5843.776129,458899.7423,114724.9356,401,114,19.63198676
402,4.985105205,11.21835023,0.807754266,0.235683348,0.188763679,1.043437614,1.043437614,17.43565673,4.358914182,402,269,4.177455483
403,195.8520366,69742.04221,22.66763149,1414.903662,529.3795343,1437.571294,1437.571294,71904.84507,17976.21127,403,114,12.50457027
404,13.50086894,23.75738407,0.478300376,0.561441877,140.5399311,1.039742253,1.039742253,178.8379264,44.70948159,404,463,43.00054311
405,26.81354115,16.33137874,0.803870282,0.134001694,108.105902,0.937871976,0.937871976,152.1886938,38.04717346,405,242,40.56755552
406,8.079216864,33.32646166,0.00206116,1.714283745,84.34767751,1.716344905,1.716344905,127.4697009,31.86742524,406,1208,18.56702877
407,56.34835737,8.372152209,0.519642686,1.124873742,0.029739425,1.644516427,1.644516427,66.39476543,16.59869136,407,267,10.09335698
408,89.05220421,24000.08342,35.14354823,1243.100267,1047.256008,1278.243815,1278.243815,26414.63545,6603.658862,408,1206,5.166196609
409,16.51498935,39.96763481,0.474757827,0.41922914,133.5706756,0.893986966,0.893986966,190.9472867,47.73682168,409,112,53.39767075
410,12.94503177,461.2145851,14.16094216,23.98600553,374.6914742,38.1469477,38.1469477,886.9980388,221.7495097,410,84,5.813034151
411,3.036280131,206.5332547,3.862618173,1.876712448,363.25531,5.739330621,5.739330621,578.5641754,144.6410439,411,1206,25.20172706
412,293.0048056,24.13523509,4.875370372,8.312115323,612.902403,13.1874857,13.1874857,943.2299295,235.8074824,412,262,17.8811555
413,11.26211942,55.94109813,0.072242053,0.938037474,254.7185435,1.010279527,1.010279527,322.9320406,80.73301015,413,104,79.91155717
414,32.79515369,38.94318979,0.547822344,1.592298151,140.8359106,2.140120495,2.140120495,214.7143745,53.67859363,414,250,25.0820427
415,356.1399883,232.1879386,165.9519811,3868.17589,1237.472607,4034.127871,4034.127871,5859.928405,1464.982101,415,1191,0.363147165
416,119.9960785,357.3448243,0.794823801,6.909017474,1383.856562,7.703841275,7.703841275,1868.901306,467.2253266,416,1209,60.64835839
417,220.0704649,3079.835471,1427.116201,10.25024229,1630.015453,1437.366443,1437.366443,6367.287832,1591.821958,417,1131,1.107457298
418,70.02396731,17264.72412,45.87288093,513.7247822,804.3181502,559.5976631,559.5976631,18698.6639,4674.665974,418,1207,8.353619542
419,122.6012171,80.34560842,0.067795142,775.4266618,1432.498111,775.4944569,775.4944569,2410.939393,602.7348483,419,95,0.777226508
420,10.97223964,23.6261781,464.8113234,207.0511986,494.4326355,671.862522,671.862522,1200.893575,300.2233938,420,1201,0.44685242
421,4.678382211,15.69090879,2.159721611,3.867999438,0.34423284,6.027721049,6.027721049,26.74124489,6.685311222,421,477,1.109094327
422,16.52636689,0.521354959,0.836154119,0.125299183,27.55698728,0.961453302,0.961453302,45.56616242,11.39154061,422,252,11.84825158
423,71.83403983,1728.379547,1093.894383,6.139367735,530.1474641,1100.03375,1100.03375,3430.394802,857.5987004,423,1131,0.779611262
424,78.36184051,626.4311907,90.12924959,1361.197325,1235.127565,1451.326575,1451.326575,3391.247171,847.8117928,424,629,0.584163349
425,485.4990629,470.8557695,86.82257817,721.3292306,5717.982639,808.1518087,808.1518087,7482.48928,1870.62232,425,1209,2.314691745
426,13.32111861,0.336441956,4.029148784,8.442755037,0.049307213,12.47190382,12.47190382,26.1787716,6.5446929,426,276,0.524754921
427,21.09720776,40.6496297,0.001037374,0.955585272,124.5981237,0.956622646,0.956622646,187.3015838,46.82539596,427,272,48.94865929
428,97.03996102,62.06189704,0.726086039,0.265813767,358.7553962,0.991899807,0.991899807,518.8491541,129.7122885,428,238,130.7715635
429,11.20977996,10.7920134,0.981780608,0.011154654,65.81145387,0.992935262,0.992935262,88.8061825,22.20154563,429,106,22.3595097
430,8.369098725,12.3177123,0.481447861,1.103008856,39.37259008,1.584456716,1.584456716,61.64385782,15.41096446,430,475,9.726339822
431,10.49455597,2.168813368,0.301576119,0.72122517,8.93546169,1.022801289,1.022801289,22.62163232,5.655408079,431,100,5.529332176
432,4.334046881,0.076281587,0.408023165,0.543660941,98.27324714,0.951684106,0.951684106,103.6352597,25.90881493,432,1207,27.22417529
433,6.698465292,31.27993424,0.515464958,0.58132207,94.92157004,1.096787028,1.096787028,133.9967566,33.49918915,433,253,30.54302093
434,1.009501608,293.7561816,0.018310335,0.959779289,252.8058383,0.978089624,0.978089624,548.5496112,137.1374028,434,1209,140.2094444
435,8.592900915,2908.532902,8.846729227,622.665448,374.9040992,631.5121772,631.5121772,3923.54208,980.8855199,435,1207,1.553232947
436,9.575369684,45.69813839,0.304175439,1.097477063,130.6672401,1.401652502,1.401652502,187.3424007,46.83560018,436,113,33.41455897
437,42.52253819,61347.00745,9.883662863,937.6532019,1385.070907,947.5368648,947.5368648,63722.13776,15930.53444,437,1207,16.81257483
438,1041.835984,888.4660922,68.32815985,91.83099451,2295.713586,160.1591544,160.1591544,4386.174817,1096.543704,438,77,6.84658775
439,4.761033029,0.437273424,0.722299281,0.246489406,1.871188209,0.968788687,0.968788687,8.038283349,2.009570837,439,406,2.074312866
440,12.96834887,12.691286,1.66778109,2.667298233,1.639096754,4.335079323,4.335079323,31.63381095,7.908452738,440,259,1.82429251
441,276.226151,2084.359006,11.25646375,2422.422209,1818.656645,2433.678673,2433.678673,6612.920475,1653.230119,441,120,0.679313229
442,64.15568452,52.93775536,0.61608075,0.473062459,283.861785,1.089143208,1.089143208,402.0443681,100.511092,442,245,92.28455107
443,18.88300584,29.96968314,0.355446951,0.741186486,210.5215242,1.096633437,1.096633437,260.4708466,65.11771165,443,244,59.37965181
444,292.8847211,60.07313704,61.1559108,86.44881176,467.8563609,147.6047226,147.6047226,968.4189416,242.1047354,444,250,1.640223505
445,4.916122721,36.38466209,1.000066524,0.012253148,15.48062488,1.012319673,1.012319673,57.79372936,14.44843234,445,451,14.2725986
446,4.340698803,0.244640985,0.409993389,1.41034419,16.7940956,1.820337579,1.820337579,23.19977296,5.79994324,446,114,3.186191016
447,17.71839116,15.655703,0.304614537,1.21510535,81.01451422,1.519719887,1.519719887,115.9083283,28.97708207,447,242,19.06738361
448,5.54050388,34.02013098,0.864012202,0.155075976,0.137863781,1.019088177,1.019088177,40.71758682,10.1793967,448,102,9.988730055
449,57.6965624,19525.95064,47.23775767,1271.468161,638.8442095,1318.705919,1318.705919,21541.19733,5385.299333,449,1210,4.08377581
450,7.621204834,132.4171228,0.06263016,0.551064553,274.0506994,0.613694713,0.613694713,414.7027217,103.6756804,450,1206,168.9368968
451,40.37806299,91.78473262,0.437782668,0.589413546,622.3769562,1.027196214,1.027196214,755.566948,188.891737,451,443,183.8906086
452,106.7363484,1146.693732,77.49236426,5905.902336,729.8964153,5983.3947,5983.3947,7966.721196,1991.680299,452,1187,0.332867945
453,220.0587328,4845.642749,94.11474482,1334.494289,1220.930092,1428.609034,1428.609034,7715.240609,1928.810152,453,1207,1.350131566
454,95.18372076,14.56171657,0.227449502,0.654624722,209.4085819,0.882074223,0.882074223,320.0360934,80.00902336,454,102,90.70554523
455,12.93803876,401.0375743,836.5808044,5380.479604,695.4936972,6217.060409,6217.060409,7326.529719,1831.63243,455,1187,0.294613903
456,69.74589972,86.21649965,0.221926405,977.0646257,300.9676973,977.2865521,977.2865521,1434.216649,358.5541622,456,83,0.366887441
457,242.4573315,184.6432918,2.342321102,8.018688493,322.9230659,10.3610096,10.3610096,760.3846988,190.0961747,457,119,18.34726365
458,21.40374085,189.8950241,257.2081673,171.26798,582.51667,428.4761472,428.4761472,1222.291582,305.5728955,458,486,0.713161975
459,2.00E-08,8.54E-06,20656.75051,5.62E-10,3.52E-07,20656.75051,20656.75051,20656.75051,5164.187629,459,1185,0.25
460,30.78727794,0.006693645,7.227906523,1082.190307,9.609652949,1089.418213,1089.418213,1129.821838,282.4554594,460,1207,0.259271835
461,107.4907925,5.534599085,0.133507938,0.866088584,308.1966315,0.999596522,0.999596522,422.2216196,105.5554049,461,259,105.5980114
462,124.225094,3.573219482,0.969372541,0.0509641,135.5965832,1.020336641,1.020336641,264.4152333,66.10380832,462,134,64.78627314
463,15.87237705,13690.86432,172.787558,2116.616835,315.2910135,2289.404393,2289.404393,16311.4321,4077.858025,463,87,1.781187298
464,10.72810049,23.59519179,0.780117959,0.227281026,141.1394066,1.007398984,1.007398984,176.4700978,44.11752446,464,393,43.79349706
465,37.68831573,33498.06264,7.868121216,1175.513407,557.7017088,1183.381528,1183.381528,35276.83419,8819.208547,465,1207,7.452548765
466,309.6038939,7.628639258,6.83E-06,11.28729762,809.1207145,11.28730444,11.28730444,1137.640552,284.410138,466,1223,25.197348
467,230.2126973,37516.20214,13.6918042,298.9784953,474.8513607,312.6702995,312.6702995,38533.93649,9633.484124,467,1207,30.81035883
468,6.583258353,24.61004962,2.147693926,4.554502274,5.582884595,6.7021962,6.7021962,43.47838877,10.86959719,468,459,1.621796329
469,121.4368183,67.21559503,0.968916241,1.629867064,311.5215182,2.598783305,2.598783305,502.7727148,125.6931787,469,113,48.36616368
470,8.570138004,193.6234888,181.2345476,94.15695666,430.9946413,275.3915043,275.3915043,908.5797724,227.1449431,470,562,0.824807373
471,291.8013994,6800.169272,0.113878948,1192.080977,5734.534366,1192.194856,1192.194856,14018.69989,3504.674973,471,97,2.939683018
472,106.5197713,231.0870854,17.42755952,224.8630289,521.6090957,242.2905884,242.2905884,1101.506541,275.3766352,472,1190,1.136555229
473,60.82879203,664.2935337,68.63340023,941.4553878,1082.253736,1010.088788,1010.088788,2817.464849,704.3662124,473,986,0.697330988
474,20.61548241,34.34767955,0.035229601,1.291657107,421.9551244,1.326886708,1.326886708,478.2451731,119.5612933,474,1208,90.10663273
475,5.32910079,3.315988568,0.999028042,0.009882362,30.27507648,1.008910404,1.008910404,39.92907625,9.982269062,475,115,9.894108559
476,4.690055912,3.039875748,0.57383271,1.388755193,31.89994402,1.962587904,1.962587904,41.59246359,10.3981159,476,1200,5.298165691
477,3.847437532,11.6304961,0.001359465,0.996187336,17.83101109,0.997546801,0.997546801,34.30649152,8.576622881,477,278,8.597714787
478,671.876475,138356.5786,0.982686866,1055.531607,773.8564205,1056.514294,1056.514294,140858.8258,35214.70644,478,95,33.33102699
479,102.1359897,36.12249458,68.2612617,3533.174652,573.8536041,3601.435914,3601.435914,4313.548002,1078.387,479,1095,0.299432511
480,11.96259772,1.140824976,0.406638292,0.720698187,10.83049721,1.127336479,1.127336479,25.06125638,6.265314096,480,265,5.557625619
481,20.27633121,3067.340924,12.06951558,153.9878872,5.905380345,166.0574028,166.0574028,3259.580038,814.8950095,481,114,4.907309135
482,6.562934248,69.63219491,3.097242752,8.119014555,13.23661286,11.21625731,11.21625731,100.6479993,25.16199983,482,484,2.243350802
483,53.372143,396.091809,203.5084511,186.8217408,409.4737849,390.3301919,390.3301919,1249.267929,312.3169822,483,452,0.800135344
484,8.099680532,5.897322066,0.269363671,0.789071984,21.41626953,1.058435655,1.058435655,36.47170778,9.117926945,484,118,8.614531171
485,55.09830061,1386.010797,7.966757185,20.15092821,110.6542651,28.11768539,28.11768539,1579.881048,394.970262,485,78,14.04704038
486,6.723946479,115.9711902,0.062753413,2.211930815,93.82295145,2.274684228,2.274684228,218.7927724,54.6981931,486,1208,24.04649948
487,34.35466432,1.129880911,0.551071299,0.42920136,13.89765443,0.980272658,0.980272658,50.36247231,12.59061808,487,427,12.84399597
488,193.9036792,42320.21515,236.3393025,3103.013891,3002.394477,3339.353194,3339.353194,48855.8665,12213.96662,488,89,3.657584543
489,3.164317746,23.35783329,9.4216314,11.95387096,17.70562547,21.37550236,21.37550236,65.60327886,16.40081971,489,1200,0.767271779
490,14.65333981,47.77567248,0.958484578,0.010948634,158.4684561,0.969433212,0.969433212,221.8669016,55.46672539,490,280,57.21562324
491,52.95520207,52.26653511,6.061333861,14.58804879,120.4508218,20.64938265,20.64938265,246.3219416,61.58048541,491,113,2.982194986
492,18.02357378,6.973398364,0.72008621,0.314386816,6.478273332,1.034473026,1.034473026,32.5097185,8.127429625,492,266,7.856589221
493,4.311229378,243.6845962,1.45446814,1.798456748,599.0208055,3.252924888,3.252924888,850.269556,212.567389,493,1201,65.34654082
494,33.53782222,1804.364566,799.6172063,2624.033388,1043.197135,3423.650595,3423.650595,6304.750118,1576.187529,494,1131,0.460382123
495,127.5404041,189.8658191,0.062630933,1.332658471,940.2203061,1.395289404,1.395289404,1259.021819,314.7554547,495,1206,225.584351
496,115.6147609,51.56917412,0.469753419,0.515605097,660.1109247,0.985358516,0.985358516,828.2802183,207.0700546,496,1213,210.1469174
497,5.614102782,10.49322174,2.985832,7.109656821,7.696096734,10.09548882,10.09548882,33.89891007,8.474727519,497,476,0.839456877
498,25.45839258,20.03268144,0.081634872,0.99464084,77.37640116,1.076275712,1.076275712,123.9437509,30.98593772,498,105,28.78996281
499,3.563236114,62.0611157,0.012063662,0.999625625,49.19222928,1.011689287,1.011689287,115.8282704,28.95706759,499,452,28.62249109
500,4.287898055,1275.441954,7.757765786,18.33977293,1963.087753,26.09753872,26.09753872,3268.915144,817.2287859,500,358,31.31440075
501,7.623525059,0.958988363,0.994987961,0.001522894,39.52156612,0.996510855,0.996510855,49.10059039,12.2751476,501,266,12.31812733
502,10.12113851,19.32108209,0.793734205,0.146424645,53.8269019,0.94015885,0.94015885,84.20928136,21.05232034,502,107,22.3923014
503,17.03268415,27.30357031,30.6873045,50.40345185,109.2827398,81.09075635,81.09075635,234.7097506,58.67743765,503,453,0.723602051
504,14.50674365,39.03953577,0.029378077,0.972431782,147.7318008,1.001809859,1.001809859,202.2798901,50.56997251,504,106,50.47861333
505,24.4974422,1025.319717,1395.790902,226.0818125,1784.233697,1621.872715,1621.872715,4455.923571,1113.980893,505,1194,0.686848532
506,109.3924188,969.13224,565.7343439,116.4923755,1478.328122,682.2267193,682.2267193,3239.0795,809.769875,506,1131,1.186951276
507,15.2745505,64.18675004,0.259760983,0.739061069,227.2503809,0.998822052,0.998822052,307.7105035,76.92762587,507,270,77.01834946
508,4.594019091,8.849525511,11.03085324,25.60370101,35.53617445,36.63455425,36.63455425,85.6142733,21.40356833,508,559,0.58424536
509,19.34423926,49.79572466,0.006356678,1.051695861,135.22554,1.05805254,1.05805254,205.4235565,51.35588912,509,251,48.53812754
510,15.48087097,7.37268329,0.616553776,0.554795361,42.87890936,1.171349137,1.171349137,66.90381275,16.72595319,510,116,14.27922099
511,7.120329763,0.602449669,7.298469798,13.02838526,0.005396577,20.32685506,20.32685506,28.05503107,7.013757767,511,480,0.34504884
512,6.157950043,36.87077318,0.006868973,1.016327441,41.55938949,1.023196414,1.023196414,85.61130913,21.40282728,512,293,20.91761365
513,5.721665058,1.499162069,1.364709868,2.329228914,0.949933925,3.693938782,3.693938782,11.86469983,2.966174958,513,440,0.80298433
514,219.0122089,54.48530883,5.918786744,11.63553703,570.0245071,17.55432378,17.55432378,861.0763485,215.2690871,514,1211,12.26302362
515,73.54199578,98.9620762,0.222522587,2.469238927,510.7561733,2.691761515,2.691761515,685.9520068,171.4880017,515,1209,63.70846777
516,5.551420305,45.41983577,0.855028594,0.153281492,76.68866397,1.008310086,1.008310086,128.6682301,32.16705753,516,103,31.9019496
517,299.6304241,541.7899193,27.08870492,18.64677755,1029.960442,45.73548246,45.73548246,1917.116268,479.279067,517,28,10.47937053
518,33.52231754,1212.77946,765.6651644,184.4321361,2060.487637,950.0973005,950.0973005,4256.886715,1064.221679,518,550,1.120118622
519,6.177897046,35.88073202,0.345892793,0.714434492,40.89773073,1.060327285,1.060327285,84.01668708,21.00417177,519,272,19.80914013
520,336.7490264,652.318454,148.6743921,2192.360941,1649.701264,2341.035333,2341.035333,4979.804078,1244.951019,520,1190,0.531795057
521,90.79252705,9519.649052,29.6368472,895.7681531,786.5676778,925.4050003,925.4050003,11322.41426,2830.603564,521,1207,3.058772714
522,6.392618476,108.0768648,0.477376387,1.065113204,132.414735,1.542489591,1.542489591,248.4267079,62.10667697,522,1206,40.26391966
523,50.97328584,43.35682235,0.028092215,0.910483225,169.7179563,0.93857544,0.93857544,264.9866399,66.24665998,523,267,70.58213671
524,8.127340054,72.42388091,0.909051672,0.077528938,154.7575756,0.98658061,0.98658061,236.2953771,59.07384428,524,1207,59.87736197
525,13.49776321,45.96139649,0.146199458,0.85166787,79.22662949,0.997867329,0.997867329,139.6836565,34.92091413,525,263,34.99554813
526,15.75863611,80.11774062,0.295361792,0.770475508,44.56099312,1.0658373,1.0658373,141.5032071,35.37580179,526,101,33.19062093
527,6.750536755,59.90772367,0.977005064,0.000234351,70.13255852,0.977239415,0.977239415,137.7680584,34.44201459,527,1207,35.24419303
528,93.86469048,13965.27139,12.56979614,575.7488667,880.3577279,588.3186628,588.3186628,15527.81247,3881.953118,528,1208,6.598385133
529,14.06589652,3.315979668,0.995071364,0.081751163,30.08016512,1.076822527,1.076822527,48.53886384,12.13471596,529,115,11.26900269
530,10.76575817,4.801983648,1.130126016,0.029906298,40.89693562,1.160032314,1.160032314,57.62470975,14.40617744,530,112,12.41877253
531,23001.25716,251749.9435,202.0282459,114.7695513,17150.95084,316.7977972,316.7977972,292218.9493,73054.73733,531,1245,230.6036783
532,12.31837447,0.179023249,0.6434558,1.450884126,25.80644276,2.094339925,2.094339925,40.3981804,10.0995451,532,274,4.822304621
533,58.29103963,128.5443963,0.104708085,0.887171497,522.7031962,0.991879582,0.991879582,710.5305118,177.6326279,533,299,179.0868884
534,69.89077586,6099.941231,5.146659705,156.6529066,507.222413,161.7995664,161.7995664,6838.853986,1709.713497,534,1208,10.56686081
535,11.13740687,80156.85008,679.7820714,649.2998966,412.8998291,1329.081968,1329.081968,81909.96928,20477.49232,535,465,15.40724561
536,103.4492952,184.1188958,270.7511477,1.349421372,232.8972658,272.100569,272.100569,792.5660257,198.1415064,536,1027,0.72819218
537,15.68258965,6.158509675,0.529119134,0.758266156,33.6937585,1.28738529,1.28738529,56.82224311,14.20556078,537,113,11.03442838
538,4.050334429,44.08763798,0.32461802,0.681700529,36.76058031,1.006318549,1.006318549,85.90487127,21.47621782,538,253,21.34137132
539,70.71776934,111.7036889,23.6238295,319.5908649,109.7958354,343.2146944,343.2146944,635.431988,158.857997,539,1208,0.462853134
540,3.163752554,36.6562351,0.453543362,1.038103637,52.94740829,1.491646998,1.491646998,94.25904294,23.56476074,540,265,15.79781327
541,33.49771377,180825.62,46.11520213,1096.159609,277.0392447,1142.274811,1142.274811,182278.4318,45569.60794,541,1208,39.89373442
542,156.704861,97.57697075,1578.505665,33.55207522,1115.682894,1612.05774,1612.05774,2982.022466,745.5056165,542,0,0.462455902
543,60.45863785,27868.54111,33.13328558,1317.146315,644.6608214,1350.279601,1350.279601,29923.94017,7480.985042,543,1208,5.540322936
544,14.12910667,157.5386493,190.0941957,67.08147244,446.1918807,257.1756681,257.1756681,875.0353048,218.7588262,544,551,0.850620231
545,8.047027749,0.189146896,1.013195411,0.001487457,11.86029868,1.014682867,1.014682867,21.11115619,5.277789048,545,243,5.201417327
546,178.4584902,2329.460755,135.0839737,1096.610981,788.8455917,1231.694954,1231.694954,4528.459791,1132.114948,546,79,0.919152054
547,44.28215014,48.59950645,218.718872,3155.917541,606.7540532,3374.636413,3374.636413,4074.272123,1018.568031,547,1188,0.301830451
548,11.33105653,9493.830079,22.71711362,305.6128763,1009.976574,328.3299899,328.3299899,10843.4677,2710.866925,548,1209,8.256531563
549,130.2813842,543.3808432,45.67065451,842.8943387,1001.604695,888.5649932,888.5649932,2563.831915,640.9579788,549,1207,0.72134057
550,121.591196,22.04549725,2.268232976,274.0786663,537.650645,276.3468993,276.3468993,957.6342376,239.4085594,550,1208,0.866333438
551,5.930503341,79.5393136,52.1155041,76.07513765,163.3973012,128.1906418,128.1906418,377.0577599,94.26443997,551,1198,0.735345722
552,1041.500712,239493.9468,6377.803474,1834.568842,2972.494231,8212.372316,8212.372316,251720.314,62930.07851,552,1226,7.662837983
553,34.88570203,880.1232542,86.92337954,785.2332869,1475.64937,872.1566665,872.1566665,3262.814993,815.7037483,553,613,0.935272044
554,31.88710133,35.93816889,27.33271,42.22286841,209.9295047,69.5555784,69.5555784,347.3103533,86.82758834,554,251,1.24831955
555,21.36816141,383.4982829,176.1328835,87.68623236,720.1290745,263.8191158,263.8191158,1388.814635,347.2036587,555,467,1.3160671
556,3.585101191,16.81754334,6.17246581,8.694494667,30.33508842,14.86696048,14.86696048,65.60469342,16.40117335,556,259,1.103196136
557,251.4239528,3244.988713,1215.654353,14.97692148,1064.796482,1230.631274,1230.631274,5791.840421,1447.960105,557,1,1.17659947
558,4.710364341,6.994095486,0.024705951,0.955685802,50.95325953,0.980391754,0.980391754,63.63811111,15.90952778,558,446,16.22772501
559,10.00806603,15.72837316,0.474316923,0.51944915,10.50068148,0.993766074,0.993766074,37.23088674,9.307721685,559,259,9.366109321
560,2.889488688,5751.542863,39.36936377,336.8982669,358.7425801,376.2676307,376.2676307,6489.442563,1622.360641,560,1206,4.311719926
561,9.551477216,18.08646151,0.339694549,0.645096938,39.72252134,0.984791487,0.984791487,68.34525155,17.08631289,561,250,17.35018337
562,42.00890331,279.0628634,0.005096495,1.525224733,716.3454595,1.530321229,1.530321229,1038.947547,259.7368869,562,1206,169.7270364
563,13.41292894,13.65073335,0.846555119,0.086098579,34.07450453,0.932653698,0.932653698,62.07082052,15.51770513,563,255,16.63822828
564,4.460397368,3.342090219,9.255323496,11.24235619,5.821583826,20.49767969,20.49767969,34.1217511,8.530437776,564,263,0.41616602
565,500.1924605,1886.874794,1649.896375,3.551823997,837.3214705,1653.448199,1653.448199,4877.836924,1219.459231,565,1058,0.737524908
566,34.46727187,7786.065709,43.35203926,351.4869825,832.4504065,394.8390217,394.8390217,9047.822409,2261.955602,566,1205,5.728804596
567,64.22736447,4.057793905,0.8111789,2.111849936,93.10635521,2.923028836,2.923028836,164.3145424,41.0786356,567,259,14.05344863
568,10.06415536,2.793045839,0.235677635,0.755621169,12.42892277,0.991298804,0.991298804,26.27742277,6.569355693,568,109,6.627018682
569,13.98953629,24.27116527,2.072892117,4.586582664,3.664205726,6.659474781,6.659474781,48.58438206,12.14609552,569,256,1.8238819
570,3.58024565,9.905080022,0.584884119,0.935336081,28.09111859,1.5202202,1.5202202,43.09666446,10.77416612,570,440,7.087240466
571,5.801415888,45.58411865,98.56010353,1903.205177,6894.752874,2001.765281,2001.765281,8947.903689,2236.975922,571,94,1.117501609
572,24.61976692,21.45328492,0.000178917,1.025981149,111.3741161,1.026160065,1.026160065,158.473328,39.61833201,572,271,38.60833544
573,251.7362789,1257.187111,457.8378834,5272.427947,815.8097088,5730.26583,5730.26583,8054.998928,2013.749732,573,1131,0.35142344
574,10.67194288,29441.5693,2.268233057,474.1685114,336.8357056,476.4367445,476.4367445,30265.51369,7566.378423,574,1208,15.88118152
575,56.9198038,23264.99181,21.44550236,1095.781515,651.8880001,1117.227017,1117.227017,25091.02663,6272.756658,575,1205,5.61457659
576,43.88716382,378.8043504,1228.623054,251.0515372,798.3436225,1479.674591,1479.674591,2700.709728,675.177432,576,558,0.456301295
577,87.00092018,48.5545424,0.412914533,0.58461874,375.3044618,0.997533273,0.997533273,511.8574577,127.9643644,577,280,128.2807981
578,2.795190595,1.821762604,4.319405303,7.78170364,47.74296682,12.10110894,12.10110894,64.46102897,16.11525724,578,247,1.331717392
579,54.32976781,30.73192471,0.452154337,0.631791198,68.57675897,1.083945535,1.083945535,154.722397,38.68059926,579,253,35.68500263
580,62.43907833,668.5782903,17.63573759,44.32176488,174.7535437,61.95750247,61.95750247,967.7284148,241.9321037,580,276,3.904807232
581,20.58208775,427.2695888,240.6646334,2136.891461,301057.7417,2377.556095,2377.556095,303883.1495,75970.78736,581,93,31.95331018
582,13.73011271,1.56473584,0.345562923,0.728615538,22.71882609,1.074178461,1.074178461,39.0878531,9.771963276,582,113,9.097150638
583,38.94909979,54.99712629,0.32126953,0.685965777,260.3791928,1.007235307,1.007235307,355.3326542,88.83316354,583,285,88.1950453
584,10.02078884,12.99688873,0.924135149,0.02168791,57.90830148,0.945823059,0.945823059,81.8718021,20.46795052,584,286,21.64035897
585,58.72888387,7728.088666,79.07302845,643.1700118,1565.934267,722.2430402,722.2430402,10074.99486,2518.748714,585,1206,3.487397696
586,459.5708246,219.2317797,2234.562105,44.74201704,2318.334065,2279.304122,2279.304122,5276.440791,1319.110198,586,0,0.57873374
587,5.734895691,57726.77738,206.0176614,317.2292691,664.5756703,523.2469305,523.2469305,58920.33487,14730.08372,587,1226,28.15130459
588,116.9695617,381.9217179,24.03696719,2128.465755,731.3665441,2152.502723,2152.502723,3382.760546,845.6901366,588,1205,0.392886907
589,134.507643,148836.3673,83.73367526,1264.902887,571.1506905,1348.636562,1348.636562,150890.6622,37722.66554,589,1206,27.97096461
590,25.19232702,4537.006028,0.992661408,1206.688092,207.7041142,1207.680753,1207.680753,5977.583223,1494.395806,590,85,1.237409639
591,238.0334727,134.9507667,0.457098343,1010.45216,80.42281417,1010.909259,1010.909259,1464.316312,366.079078,591,1207,0.362128524
592,25.79092304,5847.419448,334.6650553,1327.216297,33487.22078,1661.881352,1661.881352,41022.3125,10255.57813,592,89,6.171065167
593,85.92333226,98.21070161,0.752000177,0.24686926,440.6459558,0.998869436,0.998869436,625.7788591,156.4447148,593,270,156.6217857
594,20.03914509,2549.241521,3.812937028,99.67492465,591.938288,103.4878617,103.4878617,3264.706816,816.176704,594,1208,7.886690194
595,443.2871684,81402.11311,191.6332253,246.7572285,668.7752776,438.3904538,438.3904538,82952.56601,20738.1415,595,1227,47.30518496
596,67.11425246,15.70594775,0.002160764,1.010859439,365.6694993,1.013020204,1.013020204,449.5027197,112.3756799,596,431,110.9313314
597,119.9447349,0.1827263,13.83962638,18.23676648,314.219086,32.07639286,32.07639286,466.4229401,116.605735,597,440,3.635250869
598,65.17570759,150.3112885,0.573683411,0.412410455,251.3947726,0.986093866,0.986093866,467.8678625,116.9669656,598,269,118.616462
599,8.712986667,774.8572951,369.561158,1875.200653,704.1577794,2244.761811,2244.761811,3732.489872,933.1224679,599,1190,0.415688856
600,77.18624986,110.8709453,2.03840858,3.276626514,960.2060622,5.315035094,5.315035094,1153.578292,288.3945731,600,1206,54.26014467
601,11.10173741,8179.193198,6.388877017,225.8426259,206.6419279,232.2315029,232.2315029,8629.168367,2157.292092,601,96,9.28940331
602,46.90196382,73341.47558,0.617332469,1.993871637,553.4708527,2.611204107,2.611204107,73944.4596,18486.1149,602,1223,7079.536545
603,113.9674173,4782.952861,27.27827425,202.2233801,794.3569085,229.5016544,229.5016544,5920.778841,1480.19471,603,1208,6.449603661
604,53.67385207,754.5737555,676.0465735,19.71385987,1422.52064,695.7604334,695.7604334,2926.528681,731.6321704,604,3,1.051557598
605,14.40656108,418.1542598,1.003379211,2.32E-09,1.07E-07,1.003379214,1.003379214,433.5642002,108.39105,605,558,108.0260071
606,9.202435205,81.35127047,4.963615662,6.776675106,483.1932692,11.74029077,11.74029077,585.4872656,146.3718164,606,1201,12.46747796
607,142.5056723,632.4271682,1190.043509,611.5853424,1730.66952,1801.628852,1801.628852,4307.231213,1076.807803,607,1200,0.597685701
608,2.024091674,18.85123479,0.856671241,0.222922845,31.50570256,1.079594086,1.079594086,53.46062311,13.36515578,608,274,12.37979714
609,5.14040752,0.000379062,1.931997529,6.22167063,10.80992545,8.153668159,8.153668159,24.10438019,6.026095047,609,517,0.739065526
610,101.1794473,3714.027661,1084.324079,0.171352168,0.289243651,1084.495431,1084.495431,4899.991783,1224.997946,610,1140,1.129555653
611,193.3132202,17.39188428,2.530943053,1574.607423,755.516017,1577.138366,1577.138366,2543.359487,635.8398718,611,93,0.403160487
612,169.3939864,198.4121068,1132.102256,1901.351599,205.1811583,3033.453855,3033.453855,3606.441106,901.6102766,612,1131,0.297222348
613,122.7740372,804.0672799,610.712785,76.72739992,2817.936089,687.4401849,687.4401849,4432.217591,1108.054398,613,1131,1.611855725
614,31.18256294,1391.113461,9.149627718,754.8681841,585.7728273,764.0178118,764.0178118,2772.086663,693.0216658,614,1206,0.907075274
615,0.001064166,18.97096818,7.750133076,0.001971231,4.58E-08,7.752104306,7.752104306,26.7241367,6.681034175,615,925,0.861834917
616,297.6603926,619.1856655,1676.543373,937.2741076,1374.240211,2613.817481,2613.817481,4904.90375,1226.225937,616,483,0.469132197
617,43.96061294,2946.709947,1111.048701,566.6276912,2044.685741,1677.676392,1677.676392,6713.032693,1678.258173,617,1131,1.000346778
618,12.20911031,0.107945662,4.386041247,928.6417727,1355.942594,933.0278139,933.0278139,2301.287464,575.3218661,618,93,0.61661813
619,6.979170597,64.73858933,0.705821951,0.299354791,85.66063353,1.005176742,1.005176742,158.3835702,39.59589255,619,288,39.39197048
620,26.45915375,408.4109957,54.74017086,68.65266219,560.5577686,123.392833,123.392833,1118.820751,279.7051878,620,82,2.266786335
621,21.99281418,59.59038239,79.23842265,1387.007216,6254.195706,1466.245639,1466.245639,7802.024542,1950.506135,621,96,1.330272421
622,74.39606005,358.8019843,376.2887907,86.45952773,1108.458776,462.7483184,462.7483184,2004.405139,501.1012848,622,546,1.082880834
623,6.632360011,14.60218929,0.444661751,0.806524979,2.500477716,1.251186729,1.251186729,24.98621374,6.246553436,623,254,4.99250295
624,64.06966586,498.6556047,7.726625516,20.00212957,1488.447797,27.72875509,27.72875509,2078.901823,519.7254558,624,580,18.74319471
625,17.45096463,381.5038551,1457.896773,3264.585304,29.04357589,4722.482077,4722.482077,5150.480472,1287.620118,625,1185,0.272657492
626,3.628812673,8.964005444,0.9870979,2.016067279,9.948619249,3.003165179,3.003165179,25.54460255,6.386150636,626,467,2.126473323
627,16.7011832,13681.5983,36.48684597,1051.843569,951.1662647,1088.330415,1088.330415,15737.79616,3934.44904,627,91,3.615123666
628,25.32654104,0.454938803,1.036826296,0.025537189,50.42436882,1.062363485,1.062363485,77.26821214,19.31705304,628,265,18.18309205
629,204.1982777,7688.350159,70.16402331,391.0747815,9351.507897,461.2388048,461.2388048,17705.29514,4426.323785,629,1208,9.596598852
630,10.58343217,2.678160622,0.862101165,0.108499824,13.51680455,0.970600989,0.970600989,27.74899834,6.937249584,630,252,7.147375351
631,7.991761167,0.252619941,0.102943317,0.770973311,22.49686749,0.873916627,0.873916627,31.61516522,7.903791305,631,251,9.044102215
632,3.102094149,1.789701499,1.060583516,6.86E-05,15.90740301,1.060652083,1.060652083,21.85985074,5.464962686,632,110,5.152455524
633,17.35058286,92.08910657,0.829163446,0.165864699,121.5929921,0.995028145,0.995028145,232.0277097,58.00692743,633,438,58.29677052
634,19.82692775,3679.552737,1952.303479,1.497371627,2360.491874,1953.800851,1953.800851,8013.67239,2003.418097,634,1128,1.025395243
635,9.9210827,2246.363352,20.55560807,3504.48531,10.01835854,3525.040918,3525.040918,5791.343711,1447.835928,635,1187,0.410728829
636,10.76577557,366.7295831,717.7814171,1.922324368,735.7920263,719.7037414,719.7037414,1832.991126,458.2477816,636,1059,0.636717242
637,152.9099461,2235.290517,1190.85172,379.6492847,3712.563287,1570.501005,1570.501005,7671.264756,1917.816189,637,1198,1.221149291
638,20.60597781,31872.25617,14.17806669,1178.315888,503.3567817,1192.493955,1192.493955,33588.71288,8397.17822,638,95,7.041694583
639,85.0093817,980.2204306,982.9632177,103.0870233,207.0981272,1086.050241,1086.050241,2358.37818,589.5945451,639,1131,0.542879623
640,218.3457747,2176.979889,1005.308211,5625.796286,618.0262055,6631.104497,6631.104497,9644.456366,2411.114091,640,1131,0.36360671
641,463.4852582,189.3129459,105.5448698,95.90430645,1020.143346,201.4491763,201.4491763,1874.390727,468.5976817,641,444,2.326133521
642,0.477061904,3139.948205,17.54097575,308.7298856,359.8275173,326.2708613,326.2708613,3826.523645,956.6309113,642,1206,2.932014546
643,4.391980049,86.98118307,411.9135512,422.9852413,135.7821378,834.8987925,834.8987925,1062.054093,265.5135234,643,1185,0.318018813
644,111.3287347,947.5369944,178.9730618,1080.397337,1907.17909,1259.370399,1259.370399,4225.415218,1056.353805,644,1191,0.838795168
645,165.1454979,2164.746477,10.56135761,20.89199753,4181.371791,31.45335514,31.45335514,6542.717121,1635.67928,645,147,52.00333234
646,0.198421487,21457.67877,110.9770735,1369.5625,623.5781487,1480.539573,1480.539573,23561.99491,5890.498727,646,1205,3.978616197
647,13.09705984,1354.300529,0.364306215,831.0509888,875.726835,831.415295,831.415295,3074.539719,768.6349298,647,92,0.924489764
648,5.589512185,743.2482142,518.1667678,2560.007596,4167.761424,3078.174364,3078.174364,7994.773514,1998.693378,648,1205,0.649311294
649,22.33270235,686.1908738,396.6039875,682.6969183,1724.931451,1079.300906,1079.300906,3512.755933,878.1889833,649,1131,0.81366464
650,129.9343051,1423.753316,2240.697621,672.234083,2150.325891,2912.931704,2912.931704,6616.945216,1654.236304,650,548,0.567893954
651,72.77892252,77991.9432,4.390263035,1239.934215,327.5349023,1244.324478,1244.324478,79636.5815,19909.14538,651,97,15.99996281
652,7.950784774,5465.903002,39.2524958,808.6328938,638.7310752,847.8853896,847.8853896,6960.470252,1740.117563,652,1208,2.052302804
653,8.882158183,164.6118393,0.86240499,1113.683909,2753.654596,1114.546314,1114.546314,4041.694907,1010.423727,653,91,0.906578501
654,45.10107718,2427.673737,2798.013094,1593.326311,2154.954351,4391.339405,4391.339405,9019.068571,2254.767143,654,1194,0.513457725
655,29.18750286,397.2298786,64.71750544,31.08000902,210.2539492,95.79751446,95.79751446,732.4688451,183.1172113,655,8,1.911502739
656,128.6206641,1765.891226,1597.61834,3.663121929,63.26659368,1601.281461,1601.281461,3559.059945,889.7649864,656,1061,0.555658082
657,44.9288844,1775.670284,0.701472227,1360.495427,4304.61692,1361.196899,1361.196899,7486.412987,1871.603247,657,93,1.374968786
658,2.950087022,53.15539166,1.005311126,0.022716861,96.2139757,1.028027986,1.028027986,153.3474824,38.33687059,658,289,37.29166044
659,22.98867601,145.4778987,0.082442489,0.838934551,355.108931,0.92137704,0.92137704,524.4968828,131.1242207,659,272,142.3133148
660,4.536672505,1418.01747,531.7707238,199.116985,1376.066226,730.8877088,730.8877088,3529.508078,882.3770194,660,558,1.207267558
661,35.42136792,850.8271091,536.6525116,296.0933301,208.1452064,832.7458417,832.7458417,1927.139525,481.7848813,661,1131,0.578549729
662,85.66580885,139308.6985,23.12110456,902.8959209,560.4954948,926.0170254,926.0170254,140880.8768,35220.21921,662,1210,38.03409467
663,166.3343138,165.1189527,0.789181074,1.472310978,255.6575642,2.261492053,2.261492053,589.3723228,147.3430807,663,248,65.15303935
664,215.2174906,202.8482548,205.1763544,72.02017789,781.2933187,277.1965323,277.1965323,1476.555596,369.1388991,664,8,1.331686569
665,70.72150778,694.6623885,34.93508571,679.1359961,1209.294853,714.0710818,714.0710818,2688.749831,672.1874577,665,1190,0.941345301
666,56.41494675,5526.936809,3.369353716,950.1700234,15.43652416,953.5393771,953.5393771,6552.327657,1638.081914,666,95,1.717896453
667,7.548971749,681.9659247,634.6377246,0.02350625,1737.227719,634.6612308,634.6612308,3061.403846,765.3509615,667,925,1.205920457
668,275.829794,406.1999834,99.67993539,1181.029483,23364.17206,1280.709418,1280.709418,25326.91125,6331.727813,668,117,4.94392227
669,4.793524537,9241.328572,31.72365854,2116.776451,828.0209059,2148.500109,2148.500109,12222.64311,3055.660778,669,91,1.422229752
670,0.333438912,178460.2971,59.54672552,965.6526536,573.7696144,1025.199379,1025.199379,180059.5995,45014.89988,670,1205,43.90843459
671,61537.43614,334295.4037,0.07908871,0.872529969,262.8493311,0.951618679,0.951618679,396096.6408,99024.16019,671,1255,104058.6554
672,1.163730745,6073.790263,11.25136966,3191.41316,0.067867286,3202.664529,3202.664529,9277.68639,2319.421598,672,88,0.724216219
673,17.84343144,575.6130776,29.45185819,412.286025,1027.344583,441.7378831,441.7378831,2062.538975,515.6347438,673,1191,1.167286673
674,2.19723988,2259.390361,180.5592389,143.9636822,74.3590927,324.5229211,324.5229211,2660.469615,665.1174036,674,442,2.049523656
675,2.002009702,0.400958443,0.798735587,0.211394474,5.293001932,1.010130061,1.010130061,8.706100138,2.176525035,675,112,2.154697815
676,11.73470637,51.96231215,0.000210261,1248.533089,75.41351764,1248.533299,1248.533299,1387.643835,346.9109587,676,90,0.277854791
677,2.145597419,107537.4323,3.494112364,1206.670518,685.4930782,1210.164631,1210.164631,109435.2356,27358.80891,677,86,22.60750993
678,3.161286448,31006.20095,29.97266399,1924.554181,542.4084169,1954.526845,1954.526845,33506.29749,8376.574373,678,84,4.28573002
679,25.02260268,788.3977661,16.99498249,27.83707229,1031.575151,44.83205478,44.83205478,1889.827575,472.4568936,679,49,10.53837251
680,9.819727759,32.33140184,0.444478073,1.383061751,47.31703697,1.827539824,1.827539824,91.2957064,22.8239266,680,256,12.48888057
681,3.710586034,81.78691002,7.937472095,13.46661394,38.94952022,21.40408603,21.40408603,145.8511023,36.46277558,681,1201,1.70354275
682,6.059079472,1.223589457,0.125980688,0.8491242,26.29270981,0.975104888,0.975104888,34.55048363,8.637620907,682,491,8.858145431
683,260.4044691,623.1059134,11.94476671,20.51265993,1563.444995,32.45742664,32.45742664,2479.412804,619.853201,683,1207,19.09742284
684,120.8365474,37772.99313,43.79760525,877.9603389,730.3134892,921.7579441,921.7579441,39545.90111,9886.475277,684,1208,10.72567407
685,98.586337,234.1758231,631.2414625,454.00046,236.7495377,1085.241923,1085.241923,1654.75362,413.6884051,685,1131,0.381194641
686,5.981123518,94.44889146,0.968588482,0.000566931,90.59687579,0.969155414,0.969155414,191.9960462,47.99901155,686,474,49.52664028
687,2.321455308,3283.485966,1.184671747,2079.101916,683.4192621,2080.286588,2080.286588,6049.513271,1512.378318,687,93,0.727004792
688,18.42379023,67.03593753,1.390622593,2.713367575,223.0722912,4.103990169,4.103990169,312.6360092,78.15900229,688,452,19.04463682
689,4.212937321,214434.7099,264.3152942,3165.429538,876.6600077,3429.744832,3429.744832,218745.3277,54686.33192,689,86,15.94472318
690,99.11421855,283.3941076,0.943968158,2.264834068,486.1704967,3.208802226,3.208802226,871.8876251,217.9719063,690,254,67.92936769
691,246.8878638,6638.512461,0.563680073,1566.195916,258.5465681,1566.759596,1566.759596,8710.706489,2177.676622,691,1206,1.389923909
692,16.12674926,16200.31104,1298.605114,35192.05313,147.3246308,36490.65824,36490.65824,52854.42067,13213.60517,692,1131,0.362109258
693,39.76965046,5418.278557,59.45901002,356.0469226,1289.735933,415.5059326,415.5059326,7163.290072,1790.822518,693,1206,4.309980622
694,8.724259197,0.949402027,0.572014904,0.445012323,16.38076192,1.017027227,1.017027227,27.07145037,6.767862592,694,300,6.654553991
695,88.52446657,732.1395241,69.57806881,159.2253243,1357.808764,228.8033931,228.8033931,2407.276147,601.8190368,695,362,2.63028895
696,50.66095785,1296.433401,601.9815229,8845.74322,44.60746971,9447.724743,9447.724743,10839.42657,2709.856643,696,1131,0.286826375
697,22.38637044,59.85211616,152.3370783,2097.51832,458.315689,2249.855398,2249.855398,2790.409574,697.6023934,697,1190,0.310065435
698,6.745815304,18.11185797,0.924748407,0.084035728,90.21927027,1.008784136,1.008784136,116.0857277,29.02143192,698,297,28.76872355
699,4.26342478,0.000887683,4.720376053,8.703938415,6.945608537,13.42431447,13.42431447,24.63423547,6.158558867,699,463,0.458761517
700,3.168153387,79.03416107,45.51111811,71.23957489,118.4682802,116.750693,116.750693,317.4212876,79.35532191,700,454,0.679698937
701,0.122027835,12907.12986,126.0156664,4769.028189,1381.577352,4895.043855,4895.043855,19183.8731,4795.968274,701,1206,0.979760022
702,4.650655337,808.549053,1871.817351,831.8099398,1015.249212,2703.627291,2703.627291,4532.076211,1133.019053,702,550,0.419073685
703,5.293911621,10268.46645,44.16196708,797.8221001,91.88066146,841.9840671,841.9840671,11207.62509,2801.906273,703,86,3.327742629
704,10.81838037,7.619064278,0.004082451,0.960431891,10.01721789,0.964514343,0.964514343,29.41917688,7.354794221,704,280,7.625386058
705,4107.238823,160095.4758,147.7473453,95.52635898,202.940789,243.2737042,243.2737042,164648.9291,41162.23227,705,1228,169.2013216
706,4.811340453,7.713840393,0.000139773,0.988266936,28.13488832,0.988406709,0.988406709,41.64847587,10.41211897,706,260,10.53424555
707,39.34552221,310.7840372,997.0333768,84.67467697,1105.319892,1081.708054,1081.708054,2537.157505,634.2893763,707,1193,0.586377604
708,116.6294166,102.9053724,1726.707619,69.03115514,933.2823645,1795.738774,1795.738774,2948.555927,737.1389819,708,13,0.410493437
709,7.474805518,67.77786041,0.984774335,0.004486024,94.73311962,0.989260359,0.989260359,170.9750459,42.74376148,709,293,43.20779772
710,28.05281149,42.96082037,0.883944126,0.120277363,87.24059135,1.004221489,1.004221489,159.2584447,39.81461117,710,303,39.64724079
711,48.8449283,22212.77932,2380.066494,3424.389864,27449.06864,5804.456358,5804.456358,55515.14925,13878.78731,711,1131,2.391057225
712,0.007654566,100300.7927,0.035838997,2.024221082,0.815916384,2.060060079,2.060060079,100303.6763,25075.91908,712,627,12172.42125
713,15.91074966,324.1561671,0.20623352,1038.375123,5606.782773,1038.581357,1038.581357,6985.431047,1746.357762,713,89,1.681483834
714,4.065407417,31017.98701,39.37797313,4210.50212,729.3240925,4249.880093,4249.880093,36001.2566,9000.31415,714,89,2.117780726
715,1234.618773,38006.18105,3532.683417,3.170298829,939.3826278,3535.853716,3535.853716,43716.03616,10929.00904,715,1059,3.090910971
716,6.467818877,9.328976027,0.455448495,1.231042232,67.00204618,1.686490727,1.686490727,84.48533181,21.12133295,716,473,12.52383581
717,9.319052436,51.28070737,1.586105279,2.306647129,228.1781382,3.892752408,3.892752408,292.6706504,73.1676626,717,1205,18.79586856
718,142.9675286,111911.6644,46.70864096,4064.041945,1455.92974,4110.750586,4110.750586,117621.3122,29405.32806,718,1206,7.153274674
719,28.72692642,1812.302426,601.0345909,6478.146766,398.3699312,7079.181357,7079.181357,9318.580641,2329.64516,719,1131,0.329083978
720,5.341320882,164.3603575,1.001467482,0.044454862,168.972046,1.045922344,1.045922344,339.7196467,84.92991168,720,493,81.20097265
721,46.51132671,1379.859508,678.3997289,215.4997165,1484.858347,893.8994454,893.8994454,3805.128627,951.2821567,721,548,1.064193698
722,9.279434358,6.285595997,0.836795862,0.162671645,42.97635783,0.999467506,0.999467506,59.54085569,14.88521392,722,272,14.89314443
723,19.99123364,290.7226586,28.54205892,1304.380155,370.1138863,1332.922214,1332.922214,2013.749992,503.437498,723,853,0.377694582
724,2.011722328,29.81222012,0.548254153,0.859919589,0.005662998,1.408173742,1.408173742,33.23777918,8.309444796,724,256,5.900866169
725,2.621219003,166.6013278,0.66135859,0.359911302,39.83874265,1.021269891,1.021269891,210.0825594,52.52063984,725,114,51.42679745
726,73.45060914,1554.270657,4.987542708,18.17765782,447.458855,23.16520052,23.16520052,2098.345322,524.5863305,726,1210,22.64544742
727,150.048245,323.4990724,0.434970528,0.525155582,1099.60157,0.96012611,0.96012611,1574.109013,393.5272533,727,1212,409.8703799
728,77.80730918,29379.64736,17.5859802,3075.925947,275.0001284,3093.511927,3093.511927,32825.96672,8206.491681,728,1209,2.652807513
