,fuvchisq,nuvchisq,uchisq,gchisq,rchisq,ichisq,zchisq,totchisq,reducedtotchisq
0,,81.43931373052587,2229.206682239713,158217.36878917945,127123.92861188845,115290.139649872,42423.32228570793,443054.7593366478,147684.9197788826
1,,82.03252384448746,2018.3105984489757,152712.5005477838,121846.9630386912,110113.61670404366,37563.86291619308,422236.94320671173,140745.6477355706
2,,82.9869645862991,1671.7620231042188,143626.80158226026,113239.7159744576,101765.27736395605,30106.45119773467,388738.24611840857,129579.41537280286
3,,83.96063662774705,1316.376061780559,134060.2764277476,104358.76475202499,93262.50659839858,23070.158125222784,354751.7059033939,118250.56863446464
4,,84.89884928828907,981.3363103437958,124556.63871584075,95674.31703855364,85030.61545131567,16886.008937725142,322147.5801434352,107382.5267144784
5,,85.81314474163194,674.3281076532072,115028.9572888713,87144.41340623246,77012.73753255424,11561.135936262173,290747.2441639202,96915.74805464006
6,,86.84567011895673,369.61884704462733,103968.5184535508,77450.58261190257,67963.38443340668,6527.480201067135,255909.9656999272,85303.32189997574
7,,87.8700571598665,137.87220688287871,92714.01152538757,67818.94235632243,59023.999691133016,2772.5708920829074,222329.52446492593,74109.84148830864
8,,88.86509823244253,13.255504601139474,81567.34331648848,58513.09422198773,50427.761719792936,558.2767213505456,191066.4759796197,63688.825326539896
9,,89.85306996553123,27.97208237915448,70371.3301013377,49411.49431842192,42050.78404667319,48.48020480650125,161882.0886712393,53960.69622374643
10,,90.97484842972867,275.82710636648494,57638.149703326584,39332.67984085493,32821.44487026504,1948.0799523558076,131740.35436680235,43913.451455600785
11,,92.06290953590555,835.3467276065944,45473.84389937547,29997.657685711212,24370.630058382278,6869.9482396218,106712.07988309074,35570.693294363584
12,,93.1195199262238,1781.3222827921747,34105.36208588934,21586.429079717043,16853.59976241658,15183.409002458055,87728.79993048101,29242.933310160337
13,,94.22726078092903,3335.886595345312,23024.446207523448,13692.848547769918,10015.19108963036,28405.236095488952,75137.72194041268,25045.907313470892
14,,95.41780045330411,5857.037890087839,12701.438077011391,6721.757806515011,4330.39854895255,48640.637557561815,72394.23199004077,24131.410663346924
15,,96.56097710207543,9369.16872262514,5091.695891817688,2039.0924163673121,919.724831964651,75154.32822380013,83204.84136394977,27734.947121316593
16,,97.66066763389024,14087.659455210367,752.7560042775078,39.35641081923484,45.84475902888755,108919.20617694562,109757.16335107126,36585.72111702375
17,,98.88433395353334,21430.15624209247,745.4479955832816,1768.8886947603116,2776.3779266103916,159359.25289457478,164649.96751152875,54883.322503842915
18,,100.09411534760622,31445.18358043834,7548.297753334607,8866.692227404816,10356.873984265529,223625.83795548862,250397.70192049356,83465.90064016452
19,,101.20312497628758,44647.30088133703,23802.348689996874,24031.457554853518,25640.86915523139,315627.4689389691,389102.14433905086,129700.71477968362
20,,102.3176765749227,62414.57878399424,52472.59921072309,49312.27840896343,50275.44761980861,434714.0503666007,586774.3756060959,195591.4585353653
21,,103.49708366648298,87538.70539877295,100197.14297070239,89948.1725633387,89036.87239898817,595947.0638416485,875129.2517746778,291709.7505915593
22,,104.69028169794782,121584.56229668393,171643.17588126744,149106.7379598118,144645.40463428167,803196.6476662548,1268591.9661416155,422863.98871387186
23,,105.82209474327254,164544.068048394,268370.82779626246,227852.41539029052,218018.73000969653,1055759.3626815453,1770001.3358777948,590000.4452925982
24,,106.9334154118056,219965.4129999677,398614.83953591296,332344.42129231157,314830.2657160793,1369527.3293124663,2415316.85585677,805105.6186189234
25,,108.0854012579893,295454.53582892707,582144.106316917,477898.7241058893,449259.05348289205,1784165.4034125395,3293467.287318238,1097822.4291060793
26,,109.02147634171294,378320.81922275265,796717.8824581613,650567.7910354144,610208.4927308094,2264399.116302795,4321893.28252718,1440631.0941757269
27,,109.93980323368488,479906.02987444063,1064548.7940187328,864456.18992771,809065.4564668788,2838658.056179764,5576728.496593086,1858909.498864362
28,,110.8098342555844,598675.6704431729,1381786.1098184148,1116296.9425524306,1042283.3782802796,3494097.820025803,7034464.250676928,2344821.416892309
29,,111.6606253930127,740653.3010153967,1762196.7171478912,1415868.0629694865,1319117.9725376458,4254866.10156131,8752048.854216333,2917349.618072111
30,,112.38314139767566,884782.2714824884,2150898.768289567,1720089.7353652893,1599470.432475877,5010716.100675742,10481175.036806475,3493725.012268825
31,,112.90069702154086,1002461.2746491235,2465258.8929964304,1963818.1784180228,1823313.645242827,5605384.751657752,11857775.468315031,3952591.8227716773
32,,113.4049537893192,1130988.7056960103,2809469.1067403443,2229662.748403991,2067024.555625892,6246089.623211475,13352246.033981703,4450748.677993901
33,,113.90120088993737,1272326.9978508148,3188964.494215677,2521639.7542494,2334181.3706749543,6941667.4585942635,14986453.077734295,4995484.359244765
34,,114.41120844774893,1434648.714794373,3622644.753777727,2853661.2106448794,2637489.469300455,7724196.767678904,16837992.201401964,5612664.067133988
35,,114.94704279278612,1624041.2049024068,4123968.985713798,3234186.887896195,2983988.965801716,8608189.54629948,18950334.38571119,6316778.128570396
36,,115.47791336260812,1833056.4396486017,4672601.024246895,3647359.6280140094,3358925.4634069973,9555207.581217675,21234093.69688558,7078031.232295193
37,,115.9478700243251,2040125.661791767,5215785.742264714,4055711.0812238893,3729010.3772227713,10484032.007003184,23484539.207714558,7828179.735904853
38,,116.81933156852588,2458491.383352356,6260417.618852033,4816601.3783347355,4408537.900951049,12154344.87481604,27639901.77295386,9213300.59098462
39,,117.22439329254775,2676893.1646563136,6797126.130292312,5202553.650419485,4751002.537782295,12986754.735030694,29737437.053524785,9912479.017841594
40,,117.56404382014973,2873936.4692642563,7280980.64899114,5549019.550214051,5057485.692458443,13728101.145830821,31615587.037494455,10538529.012498152
41,,118.13046504220897,3231731.712883391,8138817.492590331,6157276.325071649,5593528.118439094,15016912.04569104,34906533.98179211,11635511.327264035
42,,118.53737913067079,3513006.680093631,8815464.035391575,6633884.303307989,6011308.947096592,16013707.936002674,37474365.22179883,12491455.073932944
43,,118.86906376828239,3758356.812103964,9394592.684349054,7038464.68772679,6365002.0577006815,16853175.60131754,39651235.03109407,13217078.343698023
44,,119.12658170700726,3959668.223209817,9868897.428716097,7368584.925210925,6652654.65479046,17534073.706891015,41424210.7156085,13808070.238536166
45,,119.54030979393451,4303305.42181713,10666133.759972863,7919204.84616184,7130708.598140269,18660714.75414861,44376761.958423585,14792253.986141196
46,,119.92020107233569,4643432.792163858,11445971.44910163,8454186.531154491,7593431.165399367,19746889.598333735,47240478.74398923,15746826.24799641
47,,120.06578534405556,4779871.710538206,11760565.948056761,8668930.338885903,7778164.62466719,20178623.475158375,48386284.38676823,16128761.462256076
48,,120.21009318625002,4919114.105622518,12080705.231135003,8887049.30770546,7965618.249406126,20616300.74760209,49549673.53584868,16516557.845282892
49,,120.38267632589017,5090180.201391672,12462960.942128351,9145948.15384367,8188117.649610641,21135226.825966887,50932253.57154955,16977417.857183184
50,,120.56893181108276,5281193.975436271,12891757.727263786,9435804.16354792,8436480.553866096,21713350.61626538,52477393.06094318,17492464.353647728
51,,120.74930247019533,5472886.823519978,13320179.375648223,9724625.72354286,8683580.453902718,22287711.753159847,54016097.30625365,18005365.768751215
52,,121.01239770223476,5763201.256051787,13966309.628693592,10157713.381556014,9052439.334761363,23142471.25766914,56318933.60268011,18772977.867560036
53,,121.27804402053582,6071153.36031328,14637978.650607862,10605550.04966517,9433390.975141354,24024061.76041419,58700981.435828574,19566993.811942857
54,,121.48671001106958,6324077.40835799,15188951.89780228,10971551.906565372,9743676.808969716,24740836.23119627,60645016.84453364,20215005.614844546
55,,121.61303117492064,6480540.554508765,15525447.254838329,11193286.83490683,9930714.09345252,25171545.326091703,61820993.509289384,20606997.836429793
56,,121.73754449435866,6638258.609663575,15858709.398826825,11412252.690638497,10115465.616091276,25596951.451916464,62983379.15747306,20994459.719157685
57,,121.85728239070879,6793504.895009986,16189851.265966473,11629512.15434387,10298230.44747201,26017100.534994293,64134694.40277664,21378231.467592213
58,,122.00315569448098,6986887.011816068,16599416.600974273,11897153.737061396,10522794.52139071,26532701.881482683,65552066.74090906,21850688.913636353
59,,122.15825290512633,7197933.8039781265,17043675.56229193,12186392.132730134,10764901.373465342,27087984.998848137,67082954.067335546,22360984.689111847
60,,122.31483275316786,7416766.6256137155,17496603.557013787,12480109.625180105,11010475.410357676,27650957.681227196,68638146.27377877,22879382.091259588
61,,122.6353652056123,7884011.4035290815,18457002.76332339,13098989.398049776,11525354.301815705,28829074.694475394,71910421.15766427,23970140.38588809
62,,122.98470373603195,8424355.384245574,19544031.984537836,13794500.564343942,12101975.000690872,30147122.741578314,75587630.29115096,25195876.763716985
63,,123.41375982224271,9130738.380996017,20947579.719702847,14680712.14215516,12828397.475786585,31801296.411120385,80257985.74876498,26752661.916254994
64,,124.04523137052892,10279975.659867382,23191954.591812506,16086289.270307703,13973058.422387296,34407971.02419995,87659273.30870745,29219757.769569147
65,,124.74487857028191,11716990.932876498,25926470.686425615,17777631.541758735,15336989.561028767,37514509.22586015,96555601.01507327,32185200.338357758
66,,125.83564883624445,14318155.953533653,30652061.57098387,20622594.2000515,17594117.444107987,42604057.277896665,111472830.49304003,37157610.16434667
67,,126.90313649659177,17406148.084061395,36000380.11216108,23777771.84482352,20084134.64064609,48144800.75870368,128007087.35633436,42669029.11877812
68,,127.97200289209471,21143105.496899568,42217190.46957251,27365727.025043033,22894253.210462466,54312372.312350646,146789543.01742864,48929847.67247621
69,,129.03241088892145,25598216.551855937,49277305.037234776,31351300.50272847,25993196.291290298,61027665.2281997,167649467.05945325,55883155.68648442
70,,130.12315234612097,31130454.973460376,57697922.481196426,36011952.32528753,29595644.46933552,68738035.36508466,192043554.64090413,64014518.21363471
71,,131.20823250498597,37680166.46672664,67116745.18440655,41071904.68002508,33464412.8086196,76882219.77126735,218535282.44431856,72845094.14810619
72,,132.32187819975823,45656624.98841497,77954327.05907355,46710950.72532169,37724811.64135142,85689056.04355876,248079145.46930546,82693048.48976849
73,,133.43566636746328,55238744.09952741,90461006.99342188,53080986.68824484,42508018.89621554,95453086.87689967,281503099.45478195,93834366.48492731
74,,134.53261430842775,66524673.74208502,104632257.81774431,60147653.21866259,47781986.07220595,106093132.7579938,318655029.86660665,106218343.28886889
75,,135.67314105013966,80487578.66026226,121465220.81213996,68332308.9603019,53837671.439251356,118147226.76329765,361782427.97499084,120594142.65833028
76,,136.7814521375459,96631635.38868001,140185207.43612775,77217848.72657374,60329658.605723485,130963707.69383062,408696422.4622556,136232140.82075188
77,,137.91349669901712,116285256.48447749,162171437.70131907,87424394.49386102,67669311.31572963,145401941.33551866,462667084.8464284,154222361.61547613
78,,139.17082339442132,142061519.78772557,189361466.57573482,99575902.03983742,76197759.91587423,162001153.67709526,527136282.20854175,175712094.06951392
79,,140.4971067518895,174752826.74321842,222009897.11019847,113650473.58969612,85847443.73478432,180603834.58466032,602111649.0193392,200703883.0064464
80,,141.80121768871186,213935126.20212004,259477773.10536405,129378695.7345964,96461785.87101078,200936157.62430337,686254412.3352746,228751470.77842486
81,,143.0640222124573,259964899.3367788,301668668.2040004,146643410.17252308,107963900.63274908,222790291.22038615,779066270.2296587,259688756.74321958
82,,144.318039864245,315222763.3282732,350257294.3366301,166024180.11879992,120738397.05599725,246798754.6069615,883818626.1183888,294606208.7061296
83,,145.58967523389794,382947386.6149329,407317148.269531,188226684.4340866,135239526.03521374,273721377.94065905,1004504736.6794903,334834912.22649676
84,,146.9123762084053,468420319.72447413,476463893.805671,214513157.5936132,152166777.78004256,304857050.11224926,1148000879.291576,382666959.7638586
85,,148.18307868108502,567537764.8857502,553305282.7725474,242923829.6502306,170170509.03817037,337614486.7042964,1304014108.1652446,434671369.38841486
86,,149.39338685063203,680283789.8804913,637185390.6149722,273070152.6595635,189016963.10662943,371554002.3225143,1470826508.7036793,490275502.90122646
87,,150.6287840725065,817786215.488086,735827034.2845173,307609171.65339434,210420848.54177827,409789313.7931359,1663646368.2728257,554548789.4242753
88,,151.93342644392098,992568877.2585279,856805660.6509379,348760015.21279025,235751941.28258622,454659035.82880956,1895976652.9751236,631992217.6583745
89,,153.18548950740646,1194515271.2508838,991767080.9626038,393250651.3260175,263007697.07852796,502518275.4636024,2150543704.830752,716847901.6102506
90,,154.40848387975524,1429748600.1723244,1143450242.951669,442080374.59241474,292552132.9293148,553962599.8816953,2432045350.355094,810681783.451698
91,,155.71051626374663,1730111804.3535652,1330911092.6436996,501258878.25959116,327813221.9483619,614865496.8499556,2774848689.701608,924949563.2338694
92,,157.0422601195182,2100419187.4748592,1554395065.9731352,570308119.5197389,368275721.680803,684104866.1364212,3177083773.310098,1059027924.4366994
93,,158.42026157358504,2562817830.69537,1824002483.1961608,651655404.4247038,415084189.0341785,763353818.3236438,3654095894.9786873,1218031964.9928958
94,,159.81442500779548,3131101475.971318,2145684341.6601903,746751428.6003278,468971341.14616454,853775897.0843251,4215183008.491008,1405061002.8303359
95,,161.23518266030507,3834707315.6123343,2532562325.1479983,858221476.2694404,531449587.7673134,957640619.3435344,4879874008.528286,1626624669.5094287
96,,162.5694822291231,4632982350.190758,2959956565.485039,977797503.1679473,597984225.7558175,1067202401.0450993,5602940695.453903,1867646898.4846344
97,,163.91914499945293,5603620711.256183,3467864065.9249907,1116304359.3277273,674443287.2895509,1192040857.3817081,6450652569.923977,2150217523.3079925
98,,165.25784601270377,6760089260.122401,4060927862.892248,1274016418.6415548,760493017.4589921,1331169880.768462,7426607179.761257,2475535726.5870857
99,,166.48597495332447,8009277986.048817,4687326826.315513,1435965098.435242,847304484.8355833,1469722004.8252766,8440318414.411614,2813439471.470538
100,,167.7414298338051,9518970433.243288,5433976512.682983,1625148746.532476,947599967.6553327,1628507735.783467,9635232962.654259,3211744320.8847528
101,,168.95880079157394,11248173813.752068,6280136981.810703,1835138961.5549705,1057782845.3957042,1801510434.4774365,10974569223.238813,3658189741.0796046
102,,170.1383303683166,13219799186.559872,7239038910.416013,2068316503.001112,1178858766.3363397,1990016125.3748064,12476230305.128273,4158743435.0427575
103,,171.3304191289898,15561071475.557682,8374892416.237221,2338989477.776947,1317921796.3998234,2204666715.2675567,14236470405.68155,4745490135.227183
104,,172.47015239768584,18179179099.038395,9645514311.15231,2635759873.966417,1468802493.2742631,2435547155.6230936,16185623834.016083,5395207944.672028
105,,173.62352261541338,21263908983.37392,11146026283.837189,2979575794.8282595,1641868742.0246944,2698214345.8648105,18465685166.55495,6155228388.85165
106,,174.7314432084265,24719870623.319557,12837224693.641556,3359778642.370228,1831305438.6329148,2983297569.9948344,21011606344.639534,7003868781.546512
107,,175.8388058502417,28737782673.711838,14817381612.827723,3796460305.5911703,2046608647.4646726,3304575122.773776,23965025688.65734,7988341896.219113
108,,176.9035772435709,33253917117.12591,17071477798.37036,4284013998.350825,2284331929.2218986,3656084421.009084,27295908146.952164,9098636048.984055
109,,177.96409025459087,38476253872.26182,19714088220.83896,4844950164.764132,2554964507.6705966,4052825872.2889533,31166828765.562637,10388942921.854212
110,,178.99056363086453,44342675567.982666,22737140711.709145,5474236425.444222,2855168203.9675274,4488790874.42311,35555336215.54401,11851778738.51467
111,,180.00634692435614,51030518832.207985,26239434161.950333,6189523512.78933,3192797866.9016438,4975016996.51288,40596772538.15418,13532257512.718061
112,,181.01457376878773,58640004735.767876,30281672603.24366,6999559399.768151,3571176200.492468,5515694091.792691,46368102295.296974,15456034098.432325
113,,181.9938009286098,67216569389.820244,34957714130.94291,7917626599.284901,3994630779.7964997,6114475364.825335,52984446874.84965,17661482291.61655
114,,182.95479721133077,76918512342.85416,40387575506.662445,8962816356.658443,4471004431.294193,6781695296.31724,60603091590.93232,20201030530.310772
115,,183.9159570572962,87921558418.5502,46665473845.29111,10148879908.79924,5006124116.019045,7525782214.948835,69346260085.05823,23115420028.35274
116,,184.85682399071368,100263258426.68451,53956744999.11006,11498359251.850794,5607316628.012607,8353503973.44309,79415924852.41655,26471974950.805515
117,,185.78321707321226,114158848230.88828,62400800153.11216,13029369399.41749,6281045567.2362995,9272359582.24815,90983574702.0141,30327858234.0047
118,,186.69465868957144,129861261474.37581,72189580789.49518,14768523972.396498,7037033742.5569725,10293744599.446417,104288883103.89507,34762961034.63169
119,,187.59199512025972,147596481514.19867,83555145580.88387,16746947650.439934,7886330541.037038,11430565541.74055,119618989314.10138,39872996438.03379
120,,188.48073716243283,167604008126.52924,96716381663.70633,18991499208.484215,8837861936.436628,12693123296.128233,137238866104.75542,45746288701.58514
121,,188.85736351704057,176917986932.3875,102985203394.36456,20045480190.237923,9280831511.265327,13277109462.581266,145588624558.44907,48529541519.483025
122,,189.2268838488239,186563458104.21738,109575643121.84366,21143680040.078926,9739856785.235592,13879727533.47096,154338907480.62912,51446302493.54304
123,,189.59415717010074,196684369495.46042,116589185335.83122,22302463238.58464,10221690435.91585,14509900004.917215,163623239015.24893,54541079671.74964
124,,189.95738573493512,207277126418.13925,124048056095.28217,23523545321.00275,10726459504.41574,15167213541.616732,173465274462.31738,57821758154.1058
125,,190.31901138529827,218393643259.40652,131973496483.4078,24809845151.5852,11255295063.86227,15853531862.519257,183892168561.37454,61297389520.45818
126,,190.67423643031154,229951613824.05356,140329540390.55325,26154363240.280487,11804931208.56696,16564308633.360252,194853143472.76096,64951047824.253654
127,,191.02822187344836,242150207318.34824,149270961359.91586,27580279924.11474,12384386623.16902,17310948439.77402,206546576346.97363,68848858782.32454
128,,191.3755166690683,254839941284.89758,158692083004.9113,29069778985.376415,12986082287.3603,18083777871.120777,218831722148.76877,72943907382.92293
129,,191.7207851358583,268155093657.57297,168671599415.35202,30634773415.133728,13614897648.530943,18889395110.65253,231810665589.66922,77270221863.22307
130,,192.06321466978233,282080134350.60803,179213779614.25272,32276070271.769882,14271156189.945015,19728858050.41114,245489864126.37872,81829954708.79291
131,,192.40164266527597,296634767642.8493,190381752602.99377,34001392926.965504,14957339502.71792,20604561954.336758,259945046987.01398,86648348995.67133
132,,192.73388827847202,311757053719.73224,202154596694.44803,35805238155.22773,15670611001.739706,21512256849.43143,275142702700.8469,91714234233.61565
133,,193.06281102800892,327614597244.7166,214681510081.88892,37709094826.571396,16419155774.422163,22461937779.35313,291271698462.2356,97090566154.07854
134,,193.3887215433598,344130925515.01245,227884153694.38507,39698854246.20962,17197205438.41964,23446181697.913925,308226395076.9283,102742131692.30943
135,,193.71214817750328,361401939946.5486,241874612603.5194,41789055601.95735,18009746236.1433,24470443231.940197,326143857673.56024,108714619224.52008
136,,194.03371537614444,379516608131.86755,256740053113.13867,43991186731.319046,18861085654.372402,25539747195.901558,345132072694.7316,115044024231.57721
137,,194.35308775752682,398396035331.558,272420620379.31332,46293300535.640144,19746158260.933147,26647124119.466625,365107203295.3533,121702401098.4511
138,,194.67798018529194,418326311045.87213,289075950423.3327,48718786018.486046,20674400172.59015,27805156058.790024,386274292673.1989,128758097557.73297
139,,195.00145297365822,439159701161.2188,306683410666.9041,51260680609.14359,21642029886.747185,29007853185.964714,408593974348.75964,136197991449.58655
140,,195.32389900355793,460936299389.0374,325294392184.7922,53924277246.52167,22650547245.203316,30257174240.823494,432126390917.34064,144042130305.7802
141,,195.64516366934893,483751671321.30426,345022754780.77966,56724433697.082985,23705052838.544994,31559047978.631577,457011289295.03925,152337096431.67975
142,,195.9642679904834,507560687588.5537,365846494672.64355,59655172068.076866,24802921417.09768,32909976833.150574,483214564990.9686,161071521663.65622
143,,196.282788817669,532518891251.8198,387927877894.134,62736459243.63169,25951017370.7214,34317819905.440716,510933174413.9278,170311058137.97592
144,,196.59914952611294,558545806075.8524,411218575123.049,65958939974.82666,27145239797.79843,35777468041.7803,540100222937.45435,180033407645.8181
145,,196.91571751313666,585809104794.2917,435856363705.3178,69341257098.00294,28392802299.227985,37298004752.37425,570888427854.923,190296142618.30765
146,,197.23140959584217,614313675168.3706,461883650911.59863,72885527578.61842,29693599216.5593,38878616890.64459,603341394597.4209,201113798199.1403
147,,197.5457381425532,644090054367.5709,489325569297.1514,76592245868.12312,31047238090.559994,40518481952.68628,637483535208.5208,212494511736.17358
148,,197.8606975923145,675405451670.5146,518417295197.6995,80489955676.92218,32464405445.75026,42232565857.10282,673604222177.4747,224534740725.82492
149,,198.17566983920867,708073718048.8887,549138699051.66864,84570832764.66003,33940640065.616894,44011339963.08228,711661511845.0278,237220503948.34262
150,,198.48810958197615,742201686221.3577,581727128522.2139,88861689361.0606,35483768444.729034,45863069328.502426,751935655656.5059,250645218552.1686
151,,198.7988209985046,777785327303.4923,616081814567.3905,93346785037.93806,37088317079.39753,47782280752.23015,794299197436.9563,264766399145.6521
152,,199.10915494592402,814983299488.0115,652297468132.4097,98038505201.42088,38759229629.474815,49776553433.82408,838871756397.1295,279623918799.04315
153,,199.41622493761045,853802899247.5181,690435058368.923,102940746749.31602,40496784431.71858,51845625919.53261,885718215469.4902,295239405156.49677
154,,199.7211509938124,894342967784.658,730544412468.8441,108057389747.14418,42301887307.065575,53991824117.78633,934895513640.8402,311631837880.2801
155,,200.0226743060271,936616323216.4692,772636910998.6475,113385449202.06183,44172979817.7557,56213160836.27076,986408500854.7357,328802833618.24524
156,,200.32199306491762,980732360621.5585,816735298700.3887,118928597069.8171,46111733150.61934,58514003023.36091,1040289631944.1862,346763210648.0621
157,,200.61702256561136,1026759778524.2972,862926634882.7,124694653667.10942,48120357818.51991,60896767611.5535,1096638413979.8827,365546137993.29425
158,,200.90770490549338,1074769044079.9912,911312915847.7361,130689643313.30736,50199306689.23718,63361476936.18665,1155563342786.4673,385187780928.82245
159,,201.1949321582252,1124776437577.4204,962005396326.6632,136923870651.17516,52350653984.088425,65909159837.04219,1217189080798.969,405729693599.6563
160,,201.4799351750742,1176969568880.0278,1015122018522.2119,143417156150.21533,54583906071.94713,68553601274.29249,1281676682018.6667,427225560672.8889
161,,201.76287215424622,1231407578204.5554,1070744270707.9159,150173532887.35428,56899494732.17864,71294949422.98666,1349112247750.4355,449704082583.4785
162,,202.04079590203017,1288066757147.014,1129049219948.6301,157195767412.24344,59293602623.21858,74123637004.195,1419662226988.287,473220742329.429
163,,202.31585104279918,1346997794774.3574,1190003897848.523,164478159896.4621,61765177218.64687,77040262826.48117,1493287497790.1133,497762499263.3711
164,,202.59244131958255,1408684609110.4958,1253730835043.1377,172072611956.20883,64343578745.44913,80089862829.04893,1570236888573.8445,523412296191.2815
165,,202.86821845140645,1472919530779.12,1320251435331.8848,179952749076.3924,67012300009.31952,83246538675.56305,1650463023093.1597,550154341031.0532
166,,203.14011427528908,1539816751248.343,1389862547672.4536,188137297571.39587,69773040498.79384,86507872007.78697,1734280757750.4304,578093585916.8102
167,,203.40896966241968,1609372684343.6255,1462517626519.619,196615144970.52194,72622190489.74376,89869648843.5011,1821624610823.3857,607208203607.7953
168,,203.67409275079987,1681618121953.271,1538346032217.0415,205383091380.01102,75554226391.21283,93321811131.99318,1912605161120.2585,637535053706.7528
169,,203.93857700114992,1756931803401.968,1617523701593.5142,214487596238.07132,78595089123.01186,96904671010.31502,2007511057964.9124,669170352654.9708
170,,204.20210182262005,1835435819696.9988,1700430947709.72,223945473342.94858,81747804969.88628,100620876836.11627,2106745102858.671,702248367619.557
171,,204.46780883700836,1917599376338.0889,1787211231550.4436,233820579352.02332,85045537484.61864,104519768478.53273,2210597116865.618,736865705621.8727
172,,204.7304749955838,2003038645816.669,1877914023016.54,244051211057.99658,88449399709.78859,108540361078.46362,2318954994862.789,772984998287.5963
173,,204.98758553583562,2091675684385.2952,1972677395340.1458,254610874147.1355,91940323206.96797,112651655611.35597,2431880248305.605,810626749435.2017
174,,205.24572967184994,2184415991145.0005,2071652855231.8662,265634036578.57202,95591121744.23463,116962777076.73344,2549840790631.4067,849946930210.4689
175,,205.50277553793146,2281078983644.2866,2174851693024.0542,277082566727.2346,99378869831.65776,121438075102.29994,2672751204685.2466,890917068228.4155
176,,205.75739135049,2381650744577.5503,2282403730589.0967,288935263363.76917,103286836162.07202,126050979766.62982,2800676809881.5674,933558936627.1891
177,,206.01031023718156,2486509971760.9355,2394382069440.3994,301255827085.28687,107348740522.24883,130849832177.38303,2933836469225.3184,977945489741.7728
178,,206.2613053219877,2595608051129.8447,2510784255630.444,314017518071.46454,111547812022.43831,135809940766.21718,3072159526490.564,1024053175496.8546
179,,206.51037280864833,2709158399353.3545,2631772320696.076,327239284643.4047,115889612977.15253,140936867255.9356,3215838085572.569,1071946028524.1896
180,,206.76103023585588,2827863655561.6694,2757532362334.2456,341063383868.27924,120449594592.88257,146341125326.51297,3365386466121.9204,1121795488707.307
181,,207.0075765295993,2951095823691.748,2887996774222.618,355331621862.0664,125136899802.55629,151886603098.46027,3520351898985.701,1173450632995.2336
182,,207.25172785944272,3079283935659.854,3023479231272.0503,370129600047.5551,129996873385.42776,157639162741.19916,3681244867446.2324,1227081622482.0774
183,,207.49324586177036,3212229299221.4263,3164132660767.532,385436953924.858,135024024107.53494,163595559225.35184,3848189198025.2773,1282729732675.0925
184,,207.7320281840924,3349846594857.39,3309845962506.6313,401243904675.1559,140215165941.5623,169751811303.00278,4021056844426.3525,1340352281475.451
185,,207.96733818490478,3492091997433.546,3460578364828.4473,417556377249.3835,145574045701.76102,176112932485.66788,4199821720265.26,1399940573421.7532
186,,208.1993747208021,3638895727188.175,3616168007736.998,434399578991.4142,151116398408.95547,182703839961.48932,4384387825098.857,1461462608366.2856
187,,208.42947987934312,3791486630075.4736,3778007078275.7397,451886079691.6548,156870766493.25592,189551733208.83447,4576315657669.484,1525438552556.4949
188,,208.6555688349179,3948475281323.473,3944601575614.147,469885580929.8241,162800551430.5973,196617683279.70648,4773905391254.274,1591301797084.758
189,,208.87834857766734,4110812794976.0825,4116978186020.199,488515279291.39453,168944044932.18152,203946488732.8059,4978383998976.581,1659461332992.1936
190,,209.09846902472944,4278508086766.0283,4295137142919.9663,507772829445.98004,175299811569.89798,211537377081.25583,5189747161017.101,1729915720339.0334
191,,209.3157691910587,4452002484299.692,4479601360184.655,527719175107.3283,181888486284.48523,219413862697.15845,5408622884273.627,1802874294757.8757
192,,209.53104747447645,4631320347854.379,4670360062751.691,548396179090.6716,188731943989.67566,227609472124.76056,5635097657956.8,1878365885985.5999
193,,209.74309551506522,4816911098798.501,4867994039394.1045,569843119340.7625,195837411848.52383,236128878686.43304,5869803449269.823,1956601149756.6077
194,,209.95252578243077,5008942255848.043,5072690822135.425,592111039753.9514,203229709011.88168,245004930638.41574,6113036501539.674,2037678833846.5579
195,,210.1596774437959,5207276080469.471,5284319002808.0,615179634191.8643,210898147284.77643,254225693620.54498,6364622477905.186,2121540825968.3953
196,,210.36292803097652,5412166738734.254,5503284290566.388,639120737366.334,218872712909.6594,263830258428.90976,6625107999271.291,2208369333090.43
197,,210.56317485145004,5623150616954.054,5729094005547.044,663900221586.8358,227146959092.72897,273813638373.27512,6893954824599.884,2297984941533.2944
198,,210.75932334652975,5840067259011.01,5961652093461.802,689520622257.7063,235722082316.9144,284179303954.9722,7171074101991.395,2390358033997.1313
199,,210.95070935424812,6062614658059.225,6200758072365.563,715974973754.7001,244600442368.56735,294932277221.28204,7456265765710.113,2485421921903.371
200,,211.13796520549596,6290802720700.605,6446470956912.223,743313772295.3163,253806926908.05264,306109414869.63873,7749701070985.23,2583233690328.41
201,,211.31953150697774,6523936874456.982,6698191390606.588,771465741306.043,263316521242.02042,317678874178.4393,8050652527333.091,2683550842444.364
202,,211.49626657429144,6761972784492.843,6955932504464.298,800472572208.0082,273152504900.10645,329676266904.1387,8359233848476.551,2786411282825.517
203,,211.66800677816474,7005389264746.221,7220316952887.226,830393674066.7048,283332717598.8523,342121482154.7394,8676164826707.522,2892054942235.841
204,,211.8342438014353,7253598480052.18,7490856192922.195,861236002288.5532,293871005825.9058,355040203459.9964,9001003404496.65,3000334468165.5503
205,,211.99550296967033,7506424771604.198,7767422952594.999,892999651334.2993,304773514666.0672,368443116852.5474,9333639235447.912,3111213078482.637
206,,212.1518573547168,7764515273282.377,8050846720553.277,925780860797.7212,316073303079.055,382371499889.2537,9675072384319.307,3225024128106.4355
207,,212.30359717296977,8028240035522.115,8341613813624.27,959651882109.9302,327799690237.5865,396864228377.8676,10025929614349.652,3341976538116.551
208,,212.45092448151496,8297207236118.644,8639362901834.931,994593107643.5593,339951513103.9065,411924244050.0835,10385831766632.48,3461943922210.8267
209,,212.5928186783519,8570574085644.492,8943272544665.299,1030542152877.8666,352513948385.53064,427538158500.08936,10753866804428.787,3584622268142.929
210,,212.72923480480708,8847192480724.959,9252074457400.055,1067390773367.0088,365457504082.24994,443675766011.2089,11128598500860.521,3709532833620.174
211,,212.8593976992344,9127155001257.975,9565967109253.176,1105218431094.4368,378823712149.3932,460395075905.2938,11510404328402.299,3836801442800.766
212,,212.98399267325385,9410393067425.162,9884769839821.904,1144004634278.3657,392603989835.5703,477683402251.1248,11899061866186.965,3966353955395.655
213,,213.1030839336204,9696363549364.9,10207705986860.63,1183734870974.2207,406806562889.98444,495564015033.7006,12293811435758.537,4097937145252.8457
214,,213.21550122258458,9982249079872.81,10531427398359.715,1224063751052.074,421319911889.5979,513901414152.20734,12690712475453.594,4230237491817.8647
215,,213.3228497613871,10272021155526.39,10860110732291.346,1265542330306.8677,436341970455.91486,532943612920.8932,13094938645975.02,4364979548658.34
216,,213.42503675489053,10563372555676.672,11190595085248.588,1307886068939.7646,451786121488.3035,552593333221.5193,13502860608898.174,4500953536299.392
217,,213.52110950183004,10855546146088.064,11521537044854.76,1350993756897.224,467617174275.87415,572804635955.179,13912952611983.04,4637650870661.013
218,,213.61181528814294,11148425812443.75,11851976193221.215,1394837985335.109,483828776039.19696,593569956895.1952,14324212911490.717,4774737637163.572
219,,213.69692322941128,11440247157145.125,12178803418374.164,1439308795644.0273,500413957348.60645,614903003344.8323,14733429174711.629,4911143058237.21
220,,213.77762678815188,11733350859022.182,12504363518099.11,1484693579789.2517,517464403114.2779,636897994637.116,15143419495639.754,5047806498546.585
221,,213.85540738912698,12029508989293.883,12830657049997.361,1531207158944.3032,535051190019.77954,659640556203.816,15556555955165.26,5185518651721.753
222,,213.99328681619144,12602791398822.006,13453323297524.977,1623837529038.729,570552610669.446,705787296435.7615,16353500733668.912,5451166911222.971
223,,214.11884668926587,13184995063575.504,14072304942473.07,1719945386146.7754,607953537336.9556,754714551248.2979,17154918417205.098,5718306139068.366
224,,214.2282343344236,13781445671964.742,14679736675209.398,1817706059755.3445,646808953008.8387,806195423120.168,17950447111093.75,5983482370364.583
225,,214.3170698489183,14372567416807.459,15279428279041.84,1916429197271.0186,686927636993.0061,859959105652.7681,18742744218958.637,6247581406319.546
226,,214.38805444861484,14956359813252.754,15856806279038.88,2015422236771.3467,728170239753.7742,915904861969.3215,19516303617533.32,6505434539177.773
227,,214.44549847647173,15536336995495.871,16396444568312.7,2115068130358.2537,770705361817.4425,974220647857.0197,20256438708345.414,6752146236115.138
228,,214.4907934504933,16115780474446.69,16906287659971.13,2215757413580.275,814657502313.5792,1035093502220.4252,20971796078085.41,6990598692695.137
229,,214.5253920460853,16694462320569.768,17393359407785.168,2317349988074.7856,859979711564.0485,1098529074607.9727,21669218182031.973,7223072727343.991
230,,214.54887550028542,17274660284218.95,17868042747915.26,2419922532489.469,906708889754.8833,1164650739249.2146,22359324909408.83,7453108303136.276
231,,214.56333283128666,17855671251458.875,18315583285207.75,2522530872364.2183,954662940962.2444,1233286656741.1702,23026063755275.387,7675354585091.796
232,,214.57012071126562,18439062464694.723,18738602752331.05,2625620622485.2573,1003989710445.467,1304643340887.768,23672856426149.547,7890952142049.849
233,,214.57073509402125,19024264642732.875,19141005825900.48,2729409880695.2666,1054728580412.202,1378798020585.5046,24303942307593.453,8101314102531.151
234,,214.56613715408633,19614196087222.74,19531996577046.617,2834589035744.73,1107073600339.4292,1456047167653.2415,24929706380784.02,8309902126928.007
235,,214.55592078717146,20208605133522.44,19905250365023.67,2940009734521.79,1160750752243.9495,1536150491446.5728,25542161343235.984,8514053781078.661
236,,214.54009630326485,20807186274709.176,20259418332991.473,3045537653524.7534,1215749733432.5364,1619155053840.8206,26139860773789.582,8713286924596.527
237,,214.51900120192659,21412095182006.797,20598056107955.215,3151819706003.4346,1272274978610.424,1705338986981.8472,26727489779550.92,8909163259850.307
238,,214.49276505951798,22022862563891.074,20925384774218.895,3259743281686.086,1330605908002.6157,1795096748142.3171,27310830712049.914,9103610237349.97
239,,214.46150770204116,22641915544386.668,21236894579938.31,3368610922842.574,1390556860567.9119,1888282857663.7368,27884345221012.53,9294781740337.51
240,,214.4257651543635,23267480451943.402,21530222130600.887,3477812122369.8755,1451960811065.7544,1984786938622.833,28444782002659.348,9481594000886.45
241,,214.38406267676476,23895093945636.438,21808347591364.19,3587722290699.0874,1514941670562.9724,2084815456607.6882,28995827009233.938,9665275669744.646
242,,214.3349065085597,24522645487502.75,22078673669139.86,3699332789778.3115,1579855844781.2349,2188859427238.299,29546721730937.707,9848907243645.902
243,,214.28328027774458,25154071531450.62,22341234745936.406,3812714391040.6396,1646646384530.7395,2296930510379.7173,30097526031887.504,10032508677295.834
244,,214.2295017275903,25796005434756.51,22594676769007.996,3927753600219.536,1715222884665.3196,2408964360508.7363,30646617614401.586,10215539204800.53
245,,214.1728984556518,26443212988693.06,22838956888439.113,4044072018224.9014,1785644212116.0916,2525149200711.067,31193822319491.17,10397940773163.725
246,,214.10916560972106,27082651336085.836,23070104418438.8,4160628961820.0273,1857774706590.5522,2645444573011.7656,31733952659861.145,10577984219953.715
247,,214.0284885613128,27696757141977.508,23286982583555.637,4277075884063.7607,1931678853161.5728,2770167731277.45,32265905052058.42,10755301684019.475
248,,213.92714663968343,28278492588648.46,23483478531948.83,4394173627302.023,2006998047024.23,2899311281691.49,32783961487966.57,10927987162655.523
249,,213.80096047214636,28840818360738.17,23665233957626.906,4512173319653.946,2083632513634.1392,3033020993598.276,33294060784513.27,11098020261504.424
250,,213.66893768589662,29403653751796.066,23842729065178.6,4632436478845.686,2162499100311.6277,3171867279337.4536,33809531923673.37,11269843974557.791
251,,213.54181937129604,29977583371403.66,24019431245711.37,4755080963079.416,2243928450929.413,3315919814007.9897,34334360473728.19,11444786824576.064
252,,213.42476991625824,30569134241201.96,24197442920581.72,4880126768300.343,2328058788430.2656,3465300177977.014,34870928655289.344,11623642885096.447
253,,213.30983727658187,31170291026338.64,24382073586304.9,5008931184843.592,2415511930640.2017,3621302257184.8306,35427818958973.52,11809272986324.508
254,,213.18987829752686,31765125144302.473,24562546454067.34,5139761456780.638,2505580081530.7075,3783405930329.1514,35991293922707.836,11997097974235.945
255,,213.05411434911952,32345739039683.12,24742531721057.855,5273843324225.426,2598852793612.3657,3952757658062.776,36567985496958.42,12189328498986.14
256,,212.90152413406398,32911189608369.82,24919703648153.09,5411053687778.983,2695244426991.135,4129452899821.6265,37155454662744.836,12385151554248.28
257,,212.739091844446,33466606586607.0,25105774514127.383,5553521522861.44,2795766944560.714,4314935991134.195,37769998972683.734,12589999657561.244
258,,212.57608043090892,34018485367946.03,25304140683925.152,5701536028585.683,2900679267629.703,4509546904791.692,38415902884932.234,12805300961644.078
259,,212.40779756137434,34564753567924.207,25514977019789.29,5855512145435.706,3010293193659.811,4713854491641.894,39094636850526.7,13031545616842.234
260,,212.2295584734515,35089271424991.414,25725389797486.984,6013047784017.236,3123588169752.5503,4926572879283.99,39788598630540.76,13262866210180.252
261,,212.0355638425137,35583120393135.52,25934909703536.02,6174423071682.913,3240782136072.911,5148395921356.638,40498510832648.484,13499503610882.828
262,,211.82170016444314,36037752763905.63,26142234625401.836,6339427936860.198,3361752919367.566,5379402587219.156,41222818068848.76,13740939356282.92
263,,211.59231756559785,36452973979246.125,26342188839256.29,6506803524383.391,3485915142534.8877,5618950772911.376,41953858279085.945,13984619426361.982
264,,211.34560236573066,36819969237199.81,26532329892556.633,6675964978333.41,3613031035279.9097,5866689071382.497,42688014977552.45,14229338325850.818
265,,211.07429243332732,37123991696959.68,26713654188807.99,6847227316934.162,3743256989275.7476,6122731076605.58,43426869571623.48,14475623190541.158
266,,210.78464264968034,37365216469031.69,26878583642196.965,7018420046109.635,3875561555015.018,6385497598540.559,44158062841862.17,14719354280620.725
267,,210.4778394506708,37547785606857.92,27029588521393.78,7189731791796.895,4010050933050.917,6655111927701.572,44884483173943.164,14961494391314.389
268,,210.15713743311102,37685748854812.46,27172329533804.574,7362158458744.108,4147104808697.7925,6932493279285.192,45614086080531.67,15204695360177.225
269,,209.828928608065,37800118924109.36,27319196148174.67,7539039366067.742,4288771088913.9355,7221261525972.485,46368268129128.836,15456089376376.28
270,,209.5052258633599,37949004498261.586,27512181839626.7,7731457289653.0,4441286699447.963,7531903195859.025,47216829024586.69,15738943008195.562
271,,209.1955493477651,38221491184879.67,27830893500870.305,7961429025194.858,4617064148219.275,7885024010200.677,48294410684485.12,16098136894828.373
272,,208.92680658947023,38754782329672.92,28377675264838.652,8256797689398.411,4831803222550.483,8306845601741.918,49773121778529.47,16591040592843.156
273,,208.73014458649575,39690249616596.94,29251688965264.707,8643279429199.184,5099539320952.23,8820170279766.354,51814677995182.48,17271559331727.492
274,,208.62407530780317,41095968014521.91,30492760265976.95,9130506937104.93,5425149449368.907,9432469472545.555,54480886124996.336,18160295374998.777
275,,208.58265756112613,42909617099454.016,32078442684379.473,9713837812065.553,5806126040306.862,10139684881499.818,57738091418251.7,19246030472750.566
276,,208.59531987532733,45075991602099.03,33966752238439.164,10384476644222.898,6238160662885.599,10935200374210.416,61524589919758.08,20508196639919.36
277,,208.65652647862495,47556025846348.57,36111477881901.87,11132687431191.574,6716963795056.798,11813411904350.178,65774541012500.414,21924847004166.805
278,,208.75008322596187,50324031653926.62,38509558954956.23,11960093941334.99,7244035164834.847,12777368575269.465,70491056636395.53,23497018878798.51
279,,208.87083007186234,53372273394724.8,41151097631705.375,12866163874829.055,7819977859310.649,13829476443145.271,75666715808990.34,25222238602996.78
280,,209.00891252805548,56690407123393.94,44039732772740.65,13854621133105.854,8447712166913.905,14975657086188.488,81317723158948.89,27105907719649.63
281,,209.16375093284728,60291077731779.125,47182297201151.914,14928992397388.195,9130035932245.578,16221815589061.244,87463141119846.94,29154380373282.312
282,,209.32936398615982,64177990402360.34,50593443129559.75,16095830979007.02,9871375212818.467,17576259691426.14,94136909012811.38,31378969670937.125
283,,209.50486356917546,68365591480401.664,54284985955282.73,17360545378163.266,10675716277406.715,19047118777947.55,101368366388800.27,33789455462933.42
284,,209.6850015726888,72860379812546.89,58278392118780.555,18731768621812.355,11548739472881.031,20644860589417.99,109203760802891.92,36401253600963.98
285,,209.87109711660605,77685305835513.6,62590226992432.61,20216318012188.344,12495336108122.143,22379215401188.5,117681096513931.6,39227032171310.53
286,,210.06218735275104,82862250129869.19,67246336091773.43,21823740863300.914,13521681568467.627,24261720821315.24,126853479344857.2,42284493114952.4
287,,210.25633674436818,88404700696188.98,72263976983579.75,23562479583607.973,14634020977751.914,26304799348949.363,136765276893888.98,45588425631296.33
288,,210.4550313069234,94350365639479.0,77676746408009.02,25443675661300.645,15839463071222.182,28521702018481.492,147481587159013.34,49160529053004.445
289,,210.65561650669736,100718351841622.55,83513700875314.38,27479307219269.938,17146214769910.086,30928107221397.668,159067330085892.06,53022443361964.02
290,,210.85824226022734,107537324374544.14,89803811458057.8,29681126498655.42,18562235929354.387,33539509708165.56,171586683594233.16,57195561198077.72
291,,211.0613487111452,114830018894976.67,96579409656835.8,32062254374999.734,20096672210403.715,36373403922691.14,185111740164930.38,61703913388310.125
292,,211.26664731918936,122638050920787.31,103877493666182.64,34636755957490.24,21759025752992.434,39448187518892.45,199721462895557.75,66573820965185.914
293,,211.46952730883967,130974827897692.72,111739396052378.69,37423004313446.55,23562002094519.547,42788084351396.82,215512486811741.62,71837495603913.88
294,,211.67672701338896,139912084663023.8,120204497964081.9,40434267052311.62,25514741995355.133,46411597179415.42,232565104191164.06,77521701397054.69
295,,211.88139898962967,149451201988343.5,129319692210930.56,43691845855595.73,27631752356902.46,50345756767135.305,250989047190564.06,83663015730188.02
296,,212.0873915009241,159654215919667.25,139127874556776.86,47212641992348.21,29925122259019.668,54615098767850.85,270880737575995.56,90293579191998.52
297,,212.29278427340415,170553471815872.72,149681589201879.8,51018738170968.62,32410139735307.824,59249197059158.09,292359664167314.4,97453221389104.8
298,,212.4957716554719,182181692206172.44,161038816188524.28,55134294871530.42,35103445357737.37,64279799719703.76,315556356137495.8,105185452045831.94
299,,212.69952693059636,194613827362109.4,173260954986513.0,59583037734721.2,38021325965885.6,69739055880657.38,340604374567777.2,113534791522592.39
300,,212.87775594237715,207687638485990.97,186432658425832.56,64408528002308.01,41193345217513.28,75683137218883.23,367717668864537.1,122572556288179.05
301,,213.04432900674618,221527066517038.22,200605684187052.22,69632376978303.35,44635823445894.28,82145334349802.5,397019218961052.4,132339739653684.12
302,,213.20916943133824,236257356294232.97,215845416794386.53,75279890952728.28,48366863785562.8,89161587098387.6,428653758631065.25,142884586210355.1
303,,213.37162293956,251930459296208.62,232239017148167.97,81388128166623.97,52412080149520.8,96781555172451.84,462820780636764.6,154273593545588.22
304,,213.52966023312825,268576996042096.6,249864349739403.22,87994729497910.69,56798852526125.5,105060079115821.9,499718010879261.25,166572670293087.1
305,,213.6870044684687,286288656989740.4,268800062850999.9,95133567543082.62,61551866358144.77,114046713084496.95,539532209836724.2,179844069945574.72
306,,213.84423847930438,305141914116149.44,289149467197820.7,102847948094892.66,66701990275023.4,123802481097999.23,582501886665736.0,194167295555245.34
307,,213.9920399140162,325080999452430.56,311014751974358.4,111195243623685.03,72289940765268.05,134407113522396.92,628907049885708.4,209635683295236.12
308,,214.14094175187034,346300646705392.7,334493393294482.3,120210919780776.44,78342541101942.6,145916865357264.44,678963719534465.8,226321239844821.9
309,,214.28891498891403,368845606685918.2,359695383446217.94,129947510133969.7,84897979020672.77,158407836297639.25,732948708898499.6,244316236299499.88
310,,214.43160976858303,392727328438965.1,386754832883853.56,140472186448131.06,92004139540693.95,171974703757603.72,791205862630282.4,263735287543427.47
311,,214.56991261407873,418045187079660.3,415826921143113.1,151852610411120.34,99709125076965.36,186711736512047.12,854100393143246.0,284700131047748.7
312,,214.70660464815637,444905043299699.0,447018424911621.7,164143210051011.97,108055969887289.25,202709735868290.38,921927340718213.2,307309113572737.75
313,,214.84198175964656,473399970360761.9,480480552838350.2,177415159378620.9,117096348388272.22,220073596610002.53,995065657215245.9,331688552405081.94
314,,214.97046835679836,503526950496988.9,516411347028735.8,191766912529403.6,126899604576258.83,238937558413538.0,1074015422547936.2,358005140849312.06
315,,215.09658242195232,535443944415080.25,554938057457567.0,207264715122176.72,137520270382487.52,259419877839695.7,1159142920801927.0,386380973600642.3
316,,215.2226342246555,569351539508394.6,596290672759187.1,224002993026748.53,149024577995072.53,281651734186410.0,1250969977967418.0,416989992655806.0
317,,215.34207167485985,605206779334293.8,640677536548220.5,242094777689091.03,161494234347944.3,305796113576985.8,1350062662162241.5,450020887387413.8
318,,215.45873208859965,643202711125723.8,688298705854375.2,261637129030638.84,175004365657445.4,332008993345269.5,1456949193887729.0,485649731295909.7
319,,215.5743315115751,683464474883119.0,739302856180480.6,282724134398565.6,189634558641388.44,360465487886207.7,1572127037106642.5,524042345702214.2
320,,215.68858094437118,726200966696993.8,794106942974963.0,305513460378471.3,205484388466126.3,391347253559266.7,1696452045378827.2,565484015126275.8
321,,215.80168798312286,771498875138625.2,852857316881388.1,330115999836022.4,222650731186920.66,424869200942836.2,1830493248847167.5,610164416282389.1
322,,215.90941712993236,819389829620733.9,915911992330267.2,356699055740903.3,241249359043835.5,461254026875420.94,1975114433990427.0,658371477996809.0
323,,216.01488633293806,870066081817423.1,983483527291855.2,385382958797783.5,261377957845598.34,500713214910474.0,2130957658845711.0,710319219615237.0
324,,216.12485661942105,923953056077818.1,1055929237348495.2,416309015593166.2,283139527946507.6,543457891119376.75,2298835672007546.0,766278557335848.6
325,,216.19228057931136,979093955852592.6,1133208226524200.2,449823658699900.5,306855285498208.6,590184115307510.4,2480071286029820.0,826690428676606.6
326,,216.24297233830816,1034942992875341.9,1213584973496271.0,484935428017957.94,331756498134689.56,639288771719561.0,2669565671368479.5,889855223789493.1
327,,216.29412769896516,1095603187921489.6,1302169320173038.0,523990154637540.75,359570835791528.3,694290192678706.8,2880020503280814.0,960006834426938.0
328,,216.3415776641878,1159346736944186.5,1396890326011428.5,566127574160190.5,389699133479353.94,754009736393153.9,3106726770044127.0,1035575590014709.0
329,,216.3801862142241,1226116674480399.2,1498316438068237.2,611659126623793.0,422367392389724.25,818899202657604.6,3351242159739359.0,1117080719913119.6
330,,216.4182110420642,1296369042543146.0,1606757598666344.2,660766143502140.2,457738757785120.8,889333627550198.5,3614596127503804.0,1204865375834601.2
331,,216.444753774405,1369619410231070.2,1722637769219629.5,713786741639504.2,496077757851246.56,965859939680095.8,3898362208390476.0,1299454069463492.0
332,,216.46987482963146,1446584979344176.0,1846575856028376.0,770989288123682.5,537592237653415.2,1048922899085938.8,4204080280891412.0,1401360093630470.8
333,,216.4845062268632,1526702435368268.2,1978825625940105.5,832694671261260.6,582561513558366.2,1139141712801596.5,4533223523561328.0,1511074507853776.0
334,,216.50229349606178,1611046382654046.5,2120132898942065.5,899207667369919.8,631220301017831.9,1237026829932941.0,4887587697262758.0,1629195899087586.0
335,,216.5047222565559,1698531822419132.0,2271108231857543.5,971051345257908.2,683969752628030.5,1343402217678683.5,5269531547422166.0,1756510515807388.8
336,,216.51165027117784,1790543723010009.5,2432198211085971.0,1048428367760197.8,741013984457314.5,1458787993298863.8,5680428556602347.0,1893476185534115.8
337,,216.50478198034628,1885889190374112.8,2604071386867324.5,1131929323323734.2,802806876962461.2,1584125112079874.5,6122932699233394.0,2040977566411131.2
338,,216.49371331191614,1985463056710065.0,2787581636786687.5,1221999525072337.2,869701335304600.2,1720208767602385.8,6599491264766011.0,2199830421588670.2
339,,216.4852029723981,2089851603923746.2,2983248924900954.0,1319001053967172.0,942023990040806.8,1867820834188353.5,7112094803097286.0,2370698267699095.5
340,,216.46063839264878,2197630558624333.8,3191868418300736.0,1423684081110071.2,1020353278702350.0,2028177943884712.2,7664083721997869.0,2554694573999289.5
341,,216.4426736889852,2310950915099556.5,3414328130018456.0,1536395038861327.0,1105002195727085.5,2202091078699202.8,8257816443306071.0,2752605481102023.5
342,,216.41392176189373,2428476780733935.0,3651464835020136.5,1657928302396977.0,1196627267498838.0,2390903690536366.5,8896924095452318.0,2965641365150772.5
343,,216.37597691891423,2550358239599498.0,3904050072747073.0,1788900466844478.2,1295773299588660.8,2595857636150973.5,9584581475331186.0,3194860491777062.0
344,,216.33548817649117,2677651304252328.5,4173561591021491.0,1930066144719291.2,1403033166119129.5,2818214489846594.0,1.0324875391706506e+16,3441625130568835.5
345,,216.29449581663835,2810329561394038.0,4460199301782596.0,2081861297240495.5,1518877773682303.0,3059155832991942.5,1.1120094205697338e+16,3706698068565779.5
346,,216.24657350956284,2948028526989922.0,4765381727283016.0,2245181083629319.8,1643963217730689.2,3319992802553773.0,1.1974518831196798e+16,3991506277065599.5
347,,216.2193366657484,3090515390287170.5,5081757200891701.0,2415005536679302.0,1774250480321080.2,3592029197820553.0,1.2863042415712636e+16,4287680805237545.5
348,,216.30653443209582,3024642829316935.5,4914002796359338.0,2319967688140684.0,1700013184853199.8,3435096013869683.5,1.2369079683222906e+16,4123026561074302.0
349,,216.34733887605177,3041953009529250.5,4940014424279962.0,2331002607877510.0,1707693460847520.8,3449992078183022.0,1.2428702571188016e+16,4142900857062672.0
350,,216.29054602984866,3189455371038002.0,5277871779764799.0,2514594276294355.5,1849118571524901.5,3746112552469483.5,1.338769718005354e+16,4462565726684513.5
351,,216.22576273505476,3342170158431840.5,5637568680363665.0,2712430830511186.5,2002193227097060.0,4067574652880645.0,1.4419767390852556e+16,4806589130284185.0
352,,216.1287352758335,3494148696256596.0,6018286350314357.0,2925902221105929.5,2168379035739520.5,4417517017852855.5,1.5530084625012662e+16,5176694875004221.0
353,,216.02015599486174,3649211268457364.0,6422419094132970.0,3155929785786366.5,2348449337775111.0,4797759987407217.0,1.6724558205101664e+16,5574852735033888.0
354,,215.9081845381928,3809442572588494.0,6852250472911324.0,3403671542016836.5,2543328020049939.0,5210358346438344.0,1.8009608381416444e+16,6003202793805481.0
355,,215.78870942456854,3973846192694481.5,7308586817014566.0,3670468850938540.0,2754362781274472.5,5658491362300608.0,1.9391909811528184e+16,6463969937176061.0
356,,215.66229324507952,4142833465588409.5,7793691026840393.0,3957945691630971.0,2982919219147598.5,6145099376933671.0,2.087965531455263e+16,6959885104850877.0
357,,215.5291109665541,4315913152916790.0,8308269062396492.0,4267356321009509.5,3230316156278903.5,6673320043640890.0,2.2479261583325796e+16,7493087194441932.0
358,,215.3932494390878,4493839088279618.0,8854211968104369.0,4600259953864510.0,3498031800384976.5,7246558233324781.0,2.4199061955678636e+16,8066353985226212.0
359,,215.2546616101979,4676506446165186.0,9433109393754176.0,4958357420689294.0,3787725207810908.0,7868602563178204.0,2.604779458543258e+16,8682598195144193.0
360,,215.10090823576388,4860838099036180.0,1.004530253950088e+16,5343542591164760.0,4101319122871131.0,8543869856258862.0,2.803403410979563e+16,9344678036598544.0
361,,214.9479040601565,5050862833587791.0,1.0695334365508798e+16,5758077578813552.0,4440761508405641.0,9276659797078786.0,3.0170833249806776e+16,1.0056944416602258e+16
362,,214.78499028097917,5243474884027447.0,1.138317221380711e+16,6203936433283124.0,4808200017595511.0,1.0072002555206824e+16,3.246731121989257e+16,1.0822437073297522e+16
363,,214.6220688890452,5440535006957449.0,1.2110761207676912e+16,6682878383440892.0,5205580782089795.0,1.093456766453875e+16,3.493378803774635e+16,1.1644596012582118e+16
364,,214.44810389759473,5639793794988059.0,1.2880892956063462e+16,7198184401146808.0,5635886584280001.0,1.1870849469745572e+16,3.758581341123584e+16,1.2528604470411946e+16
365,,214.27787340135134,5844832116389433.0,1.3696919294264656e+16,7752082221010342.0,6101470126306006.0,1.2886422669020818e+16,4.043689431060182e+16,1.3478964770200608e+16
366,,214.0986037817859,6052550984965679.0,1.4561127953708544e+16,8348125417882691.0,6605698144792926.0,1.3988622131031956e+16,4.350357364741611e+16,1.450119121580537e+16
367,,213.91263160455222,6261305165118390.0,1.5471112168122088e+16,8987480311592918.0,7150871102099849.0,1.518375190654463e+16,4.679321548835949e+16,1.559773849611983e+16
368,,213.7300632515454,6475970851060370.0,1.6435875686209932e+16,9675052537335168.0,7741065933579294.0,1.6480350830757982e+16,5.0332344987882376e+16,1.6777448329294126e+16
369,,213.53619449117747,6691854643401000.0,1.7455398048895978e+16,1.0414401225247028e+16,8379771468780172.0,1.788757221470655e+16,5.4137142957629736e+16,1.804571431920991e+16
370,,213.34147500308566,6913343121072595.0,1.8536693219965652e+16,1.1210063489667844e+16,9070557376577096.0,1.9415131733279988e+16,5.823244581949058e+16,1.9410815273163524e+16
371,,213.15213815795227,7142083531856706.0,1.9683012343752684e+16,1.2065647497587858e+16,9817275232690858.0,2.1072830671675296e+16,6.2638765745706696e+16,2.087958858190223e+16
372,,212.96948992595586,7383041989544847.0,2.090996302859332e+16,1.298957041634479e+16,1.062585662093739e+16,2.2872319439627132e+16,6.739770950550264e+16,2.246590316850088e+16
373,,213.05119155934435,7347211409809824.0,2.064005468868974e+16,1.2768560921039292e+16,1.0427243324978412e+16,2.2424304229683196e+16,6.626016316439064e+16,2.208672105479688e+16
374,,214.14265436480872,6799774421145832.0,1.7081866287781716e+16,9979165048293524.0,7955407660924208.0,1.6905534218844264e+16,5.192197321584371e+16,1.7307324405281238e+16
375,,215.4974107465329,6002487342080621.0,1.3081441491295808e+16,7102730408345547.0,5491995378418251.0,1.1486003015746904e+16,3.716217029380651e+16,1.2387390097935504e+16
376,,217.37956229805795,4538487278604916.0,7950631730371906.0,3853137698525969.5,2848270885558027.0,5788919738958453.0,2.0440960053414356e+16,6813653351138119.0
377,,218.18904076806038,3127016103266749.0,4629375358059073.0,2053652323127160.8,1467039525966681.8,2907312935895073.0,1.1057380143047988e+16,3685793381015996.0
378,,217.93155729896762,2445278673287830.5,3398803350782511.5,1462921416195313.2,1032373981178583.0,2028966411435667.2,7923065159592075.0,2641021719864025.0
379,,218.08153354945281,2294188592637664.0,3103873851282705.5,1315741964900857.0,922493683448964.5,1805127271477716.2,7147236771110243.0,2382412257036747.5
380,,218.1497416095745,2139275246401055.0,2825013023606227.5,1181620477190255.2,823699678496051.9,1605724961083237.8,6436058140375773.0,2145352713458591.0
381,,218.22617488016095,1900707888929620.0,2416211422687856.5,989380018376954.9,683322447392349.2,1324057260931585.0,5412971149388746.0,1804323716462915.2
382,,218.55183319643444,1247872504071639.5,1395010579441211.8,528694532123039.9,352771767532587.75,668039715491160.8,2944516594588000.0,981505531529333.4
383,,218.8601299589287,1096778398754830.1,1172310768229217.0,429990228808256.75,282606975549511.5,529578610583855.25,2414486583170840.5,804828861056946.9
384,,219.05344642358304,741841712274082.4,720757818839184.6,244880607558090.2,155139029200716.6,283278301898869.2,1404055757496860.5,468018585832286.8
385,,218.87498202902069,609287394864181.8,571449162922216.5,188692656998333.72,117882434821192.23,213107446731531.0,1091131701473273.5,363710567157757.8
386,,217.91266285243833,458204526830255.4,417063551335241.25,135909958563231.53,84368046162458.38,151798910708977.25,789140466769908.4,263046822256636.12
387,,218.4129825879548,586327873270336.2,552928878882037.56,184698186256010.78,116055882159110.45,210660174065589.06,1064343121362748.0,354781040454249.3
388,,220.3214821658441,571880522837609.5,511486383583355.25,157078991380073.6,94624773610908.66,166696163688648.03,929886312262985.5,309962104087661.8
389,,221.20574274074662,585517309518626.6,517555108146217.5,153482641772494.3,90818316707392.19,157979454978100.9,919835521604204.9,306611840534734.94
390,,224.14341448087404,681484436454056.5,598931643311208.2,158758981304009.94,88590678917044.72,148030283555806.7,994311587088069.8,331437195696023.25
391,,225.60502729919043,567342468965180.4,514608007909194.25,117119215908638.88,60118663040548.16,95240882378420.05,787086769236801.2,262362256412267.1
392,,226.4312015896263,514654237627759.75,484592519749107.75,100296977151548.39,48815241225418.586,74797728009347.83,708502466135422.6,236167488711807.53
393,,229.05840567994426,585944577552228.4,626642851199733.0,108027110498521.45,47315210700466.336,68544714819714.1,850529887218435.0,283509962406145.0
394,,230.22399998435029,555260095833949.7,658069472886888.2,97046496640407.84,38734608052894.336,53772598716561.42,847623176296751.9,282541058765583.94
395,,229.8549545509179,441688525701343.1,543627105143891.6,72741598642104.45,27534289184897.098,37294648389015.89,681197641359909.1,227065880453303.03
396,,229.8997663665146,447556777596531.2,550691575366447.2,73872171589087.83,28000037939312.477,37952954475337.73,690516739370185.2,230172246456728.4
397,,231.6890861982927,507476962989099.06,638569639398958.5,74714273182364.25,26295157512919.758,34640393259203.746,774219463353446.2,258073154451148.75
398,,232.64343479783176,429882408544602.9,487919279636272.25,50927182962800.82,16656087598262.219,21019388782044.008,576521938979379.2,192173979659793.1
399,,232.6604809277382,426509648925031.94,481570459874514.8,50126701595755.46,16363822844520.057,20621748995229.066,568682733310019.4,189560911103339.78
400,,232.67129501911384,423001246501684.44,475255221042487.06,49346164682573.83,16081722038823.158,20239795555083.074,560922903318967.1,186974301106322.38
401,,232.67472090963852,419079900252765.6,468571147192048.75,48537616622004.195,15792870750418.451,19850867916860.477,552752502481331.9,184250834160443.97
402,,232.66972654753005,414727863712773.1,461541309204183.25,47704687887566.984,15498610362203.615,19456935258286.91,544201542712240.8,181400514237413.6
403,,232.65725119536776,410056778885528.56,454313041384330.94,46862650504799.305,15203893017789.092,19064355985171.523,535443940892090.8,178481313630696.94
404,,232.64183546538652,405536153313953.56,447472381445008.06,46073569593031.555,14929322450092.404,18699805589577.29,527175079077709.3,175725026359236.44
405,,232.6814592558581,393029840010210.94,424814418482121.7,43355332026097.94,13964376607572.217,17405059368132.639,499539186483924.44,166513062161308.16
406,,232.75207845253988,373567802070285.3,389041400445044.1,39148683986907.18,12490456652561.357,15441608565962.936,456122149650475.6,152040716550158.53
407,,232.59381677958942,400177581360606.75,440724978547170.44,45345532424452.64,14685498371241.219,18382177422803.145,519138186765667.4,173046062255222.47
408,,232.4718319920581,429725645761152.7,495012462183012.25,52122065245906.52,17147320407800.389,21720897059816.91,586002744896536.0,195334248298845.34
409,,232.07282245371056,442466219836382.75,530640088184614.7,57563816366804.69,19320700029847.355,24786238210954.445,632310842792221.2,210770280930740.4
410,,231.6376035285527,452376624077931.1,559007175487857.25,62750472850837.67,21550182759995.15,28000708521112.004,671308539619802.0,223769513206600.66
411,,231.20755566014682,460930434460357.56,577907740451526.2,67787631025109.555,23881458245936.797,31419582362411.023,700996412084983.5,233665470694994.5
412,,231.53320394488878,476325943005805.94,596118243802725.8,68870511561615.414,24056541659232.168,31545032225341.312,720590329248914.5,240196776416304.84
413,,232.18543542278618,488499669947655.2,600221681894589.0,66576772622488.56,22691413218229.812,29408547806577.297,718898415541884.5,239632805180628.16
414,,232.7076396371574,484659871221273.44,575428369150184.6,61717980508382.87,20567720419996.008,26319535424210.98,684033605502774.5,228011201834258.16
415,,233.00431242966133,462284986710439.06,525444869045879.5,54838106842729.35,17937635693506.277,22666177702806.574,620886789284921.8,206962263094973.9
416,,232.66606336146495,448412531776564.4,517696229767000.25,54549036606822.94,17956879117935.168,22772448083850.598,612974593575609.0,204324864525203.0
417,,232.22823675038202,458798276225764.56,551509817126068.9,59903307844802.03,20124385192640.973,25847192851105.906,657384703014617.8,219128234338205.9
418,,231.77667136068052,467756905575476.25,579262393409907.4,65124394383797.234,22390679941284.3,29126342988662.645,695903810723651.5,231967936907883.84
419,,231.38059498510634,475571952372270.3,596756590037302.2,69850401825153.46,24581196877622.305,32341310598608.848,723529499338686.9,241176499779562.28
420,,231.96287440934162,491077326300567.6,610401849180030.2,68860616219926.87,23730546277871.01,30932095885378.633,733925107563206.8,244641702521068.9
421,,232.54579273385173,489527481747538.4,589503930771179.8,64015802466297.19,21507268470680.35,27656605072443.203,702683606780600.6,234227868926866.88
422,,232.94793428959574,477484677560111.8,553278354035338.8,58368644667390.99,19234044496596.902,24435675114937.574,655316718314264.2,218438906104754.75
423,,232.94447541336584,443876880381293.9,497626372459160.0,51587119405727.03,16796356334272.547,21141411541318.695,587151259740478.2,195717086580159.4
424,,232.49471008344864,457605645183772.3,539861841841484.25,57697161903097.79,19178244900696.555,24477351449457.31,641214600094735.8,213738200031578.6
425,,232.01948357908478,469760195274154.56,575700854214118.8,63779437522892.27,21715495573991.477,28107847636786.484,689303634947789.0,229767878315929.66
426,,231.55284462924254,481267629717020.7,602881173258180.2,69845512249284.54,24436080279977.297,32071174649875.5,729233940437317.5,243077980145772.5
427,,231.45249853653084,496602726453258.06,625652053958254.4,74111662339516.92,26272738152374.223,34704843329112.58,760741297779258.1,253580432593086.03
428,,232.0459358443682,512875965960640.2,641114358264779.8,73064726624082.16,25331752991197.562,33142054179002.023,772652892059061.5,257550964019687.16
429,,232.5309274338409,511295939015401.5,624957471025329.0,68787967088622.95,23325754456637.07,30172346539079.86,747243539109669.0,249081179703223.0
430,,232.82040650439623,492003605639154.56,582769740299283.8,62371188833631.945,20756447912265.023,26545237214405.93,692442614259586.6,230814204753195.53
431,,232.86832469352015,481644552860331.1,563719510461775.5,59846061638933.91,19806228296109.85,25234590660886.63,668606391057705.9,222868797019235.28
432,,232.41105270295787,495985634210632.1,604661824619015.4,66452769371913.19,22506892656662.06,29078090706439.906,722699577354030.4,240899859118010.12
433,,231.97326013936976,510728321690501.2,639214584949633.9,73183134762722.88,25437817082586.6,33318791472519.55,771154328267462.9,257051442755820.97
434,,231.5956596787054,526587792451554.8,666791823144489.6,79895179032216.53,28542517144592.125,37867331626382.17,813096850947680.4,271032283649226.78
435,,231.36327682098076,536647628560566.25,681354081222389.0,84312113197574.0,30710030088527.48,41085801655721.52,837462026164212.0,279154008721404.0
436,,231.9193660856165,551698819273948.94,698790011280669.0,82980636980157.73,29484712138592.816,39056693958210.97,850312054357630.6,283437351452543.56
437,,232.38095994356905,549773306553000.4,688945648543258.4,78517075166930.78,27227399546419.39,35668494313888.7,830358617570497.2,276786205856832.4
438,,232.62950531272753,525978975974289.75,644943928601733.1,71146874336912.19,24166347295260.92,31303338099376.457,771560488333282.6,257186829444427.53
439,,232.23896862658614,523851726103287.94,653501939293842.9,73920906503828.1,25521135468445.117,33333219189977.742,786277200456093.9,262092400152031.28
440,,231.86676592307273,540373477101709.5,683177706137789.6,80819484644185.77,28643390650751.723,37886241402637.766,830526822835364.9,276842274278454.97
441,,231.3931904206521,545489051404593.9,692489204593243.0,86210495871286.66,31501651146345.855,42209047374108.98,852410398984984.5,284136799661661.5
442,,231.08798143846937,554956398329485.7,695775368201038.0,91297561537417.8,34248815601321.637,46377067975603.945,867698813315381.4,289232937771793.8
443,,231.62631929174609,576947795084178.0,733926756038451.4,91757358346715.33,33610331473192.992,45118133939511.45,904412579797871.2,301470859932623.75
444,,232.1572332358722,583317939868668.4,741202381871426.8,88193690722605.98,31392331484465.316,41654724773495.16,902443128851993.2,300814376283997.75
445,,232.4558860711335,560749994165938.75,703593711818207.8,80329657841262.67,27885345947751.207,36561175153692.25,848369890760913.9,282789963586971.3
446,,232.14666816465063,540929200352584.7,680097604207246.1,78563808647585.39,27451579267332.863,36080091337581.09,822193083459745.5,274064361153248.5
447,,231.72542611021004,555701110721668.0,707168316169046.5,85629768754660.14,30821856663237.51,41059167674680.086,864679109261624.2,288226369753874.75
448,,231.37196154716764,568601102506289.9,718387775305780.0,92144751999910.52,34173311733247.74,46084859661288.29,890790698700226.5,296930232900075.5
449,,230.94909983946877,572212454705399.0,706969034401108.1,96748755759896.31,37074686593635.29,50634749198412.484,891427225953052.2,297142408651017.44
450,,231.24689252656907,594348757731449.0,741333469218908.4,99684147592081.53,37870331452289.016,51579897298639.36,930467845561918.2,310155948520639.44
451,,231.76024466361665,605813553870788.6,770234089168371.1,97613616049332.62,36001412686400.445,48493822260670.11,952342940164774.4,317447646721591.44
452,,232.1283422015411,593026575835205.1,755944263918652.9,90738213890958.75,32493897807493.08,43240152909170.98,922416528526275.8,307472176175425.25
453,,232.32128551565248,558926721474810.56,703306037766695.5,81120342218296.5,28322939793451.766,37233001953909.69,849982321732353.5,283327440577451.2
454,,231.90120362389644,574514920446086.4,732200970410704.1,88494117489818.86,31825273600642.402,42403579314642.19,894923940815807.5,298307980271935.8
455,,231.537156720068,588143016656489.9,744437160509931.4,95438819893927.02,35392208949967.42,47751640051728.64,923019829405554.4,307673276468518.1
456,,231.14643791117382,591674637089507.0,733926756038451.4,99844773826183.06,38153518192383.86,52079258070403.53,924004306127421.9,308001435375807.3
457,,230.73166391222998,597078957177527.6,717767394061355.9,103785681656971.2,40974839947406.71,56680424809293.56,919208340475027.5,306402780158342.5
458,,231.19758824602312,620249206889927.6,761579840608975.4,106109031747957.42,41060151021688.74,56370115465315.31,965119138843936.8,321706379614645.56
459,,231.70785820275182,631485004069537.8,797252383253739.2,104564632346059.81,39240818367275.62,53246014778435.64,994303848745510.2,331434616248503.44
460,,232.13808228872233,628684330224016.0,804839912310429.2,99289198677535.6,36145821521780.125,48470511198954.875,988745443708699.9,329581814569566.6
461,,232.32210009682527,590020293388292.8,748307483925943.1,88222614799242.3,31218967692679.477,41326133987850.09,909075200405715.0,303025066801905.0
462,,231.87996176048975,584965343955834.4,746646905561443.5,91221741206267.75,33021566653554.1,44129067146704.836,915019280567970.2,305006426855990.06
463,,231.51066141888222,596179946263913.0,752631755297832.6,97689529932261.08,36454507271022.49,49314721206521.97,936090513707638.2,312030171235879.44
464,,231.20461375911975,609480470059294.5,752475105423241.2,103564709839129.0,39817336269080.35,54507951485793.336,950365103017244.0,316788367672414.7
465,,230.99651662624646,624652132803859.8,755174587865757.8,108441832180120.1,42660027917444.96,58966849221437.61,965243297184760.5,321747765728253.5
466,,230.93431650278097,625264581480331.0,752450155356489.6,108945814838141.78,43059389777309.66,59634649009109.375,964090008981050.4,321363336327016.8
467,,230.55664871852863,637230645952547.5,741751464882144.9,113551552683191.11,46355542981925.97,65092609638480.68,966751170185742.6,322250390061914.2
468,,230.14389255111425,647926101943573.9,727940443967724.5,117812530573777.19,49664448728092.29,70764668133544.08,966182091403138.1,322060697134379.4
469,,229.71645427492757,660196930374667.9,714968472436058.2,122139984649735.81,53209733830835.95,76984835533474.33,967303026450104.4,322434342150034.8
470,,229.30813906100545,677476654706232.0,707245178393277.4,127493359879935.11,57377375355971.234,84342250216183.56,976458163845367.2,325486054615122.44
471,,228.91146610213437,704358215077191.1,710780720818864.9,135346302522868.55,62819754607980.67,93899799853416.47,1002846577803130.5,334282192601043.5
472,,228.47019401790863,734205504802652.8,717754172151207.8,144462423243746.06,69241594667628.34,105376602620711.75,1036834792683293.9,345611597561097.94
473,,227.95481157145827,758653169825957.2,722366141884369.4,153367328063493.0,75777026564259.02,117388352103886.56,1068898848616008.0,356299616205336.0
474,,227.45946718163302,777770213791747.9,728554854930245.6,161562970565735.7,81777529223065.03,128622382526485.55,1100517737245531.8,366839245748510.56
475,,227.37040647640018,787769790417781.8,735701330803252.1,164844401002015.06,83916672316255.31,132473301114760.61,1116935705236283.1,372311901745427.7
476,,227.29850752813675,801436177425995.6,746516253827202.2,169032672747820.47,86548479469156.48,137137510510784.64,1139234916554964.0,379744972184988.0
477,,227.29646771817374,821470878489946.4,764152904769727.5,174462634946674.94,89739149976167.84,142616259697184.28,1170970949389754.8,390323649796584.94
478,,227.33679645934816,837802776190869.1,779312487021658.6,178587411322263.22,92051947426559.47,146492694823825.0,1196444540594306.5,398814846864768.8
479,,227.30498398542804,858552037908292.0,796600581938937.1,184486338182282.4,95651087968245.55,152779392261602.25,1229517400351067.2,409839133450355.75
480,,227.30082272353218,883371647139979.9,817703838281290.4,191311041301606.12,99752850735047.12,159891300948637.84,1268659031266581.5,422886343755527.2
481,,227.30902289369448,910967095871816.9,841279427743827.1,198750705839443.0,104196980426592.4,167577652119024.2,1311804766128886.8,437268255376295.56
482,,227.3234041462873,940676568143880.2,866990047084555.2,206751054442048.28,108959061582710.42,175808295826928.56,1358508458936242.5,452836152978747.5
483,,227.3414986521689,972053037731348.5,894568415826167.8,215277573242602.03,114028016421175.05,184573700247272.4,1408447705737217.2,469482568579072.44
484,,227.36191958513947,1004960975152283.6,923974984835647.8,224323020302227.34,119399848105910.9,193869665568776.97,1461567518812563.0,487189172937521.0
485,,227.38352474735333,1039321790643585.1,955319120501461.2,233894976659238.6,125071732015618.73,203685956691240.2,1517971785867558.8,505990595289186.25
486,,227.41785234024303,1074954464652641.2,988412724441374.0,243812926963542.34,130909545441740.05,213768384775556.47,1576903581622212.8,525634527207404.25
487,,227.3498117584564,1064934405224247.9,977986022785029.6,241654114275927.62,129871169211436.5,212185330572374.06,1561696636844767.8,520565545614922.56
488,,227.18810577631373,1034462681474131.1,947359481812594.8,234560748264920.47,126196047332863.84,206289202224758.88,1514405479635138.0,504801826545046.0
489,,227.05067645874442,1021717459815114.1,933574742441824.5,232334867565232.03,125345518205268.72,205241137338538.25,1496496265550863.5,498832088516954.5
490,,226.97125556761608,1032231779713076.1,942367642653286.6,236317265707838.44,128021010995401.47,210179135578815.72,1516885054935342.2,505628351645114.06
491,,226.89579209524788,1048220000028105.2,956659262657228.8,241967709420539.1,131689344844045.19,216858128921433.75,1547174445843246.8,515724815281082.25
492,,226.82351994298804,1068815791861590.5,975896660451762.8,249084928040025.44,136223027029055.28,225049418138152.28,1586254033658995.8,528751344552998.56
493,,226.76035619535156,1092378853203231.2,998054829100352.5,257098248944836.72,141299836378517.4,234211014509980.78,1630663928933687.5,543554642977895.8
494,,226.70015506942164,1117897815940010.2,1022345709478381.2,265798425510617.12,146801471656251.38,244139667224195.7,1679085273869445.8,559695091289815.25
495,,226.6433125786384,1144944754120113.0,1048300909074672.6,275059402377604.0,152658982434480.78,254719962221191.4,1730739256107948.8,576913085369316.2
496,,226.58655867974448,1172996065920442.2,1075465659365810.8,284776786053274.6,158818361268865.34,265865024143979.16,1784925830831930.0,594975276943976.6
497,,226.532662803983,1201745706574012.2,1103437987019927.1,294818453887977.56,165200075064395.66,277435873934604.75,1840892389906905.2,613630796635635.1
498,,226.4790278555166,1230349797009518.8,1131395657232721.5,304953993154727.0,171674004885387.94,289210728362687.06,1897234383635523.5,632411461211841.1
499,,226.41774436402983,1257404536018516.0,1158172024512509.2,314863814709125.75,178054924429282.9,300868930113536.7,1951959693764454.8,650653231254818.2
500,,226.3546982112145,1283866427436092.0,1184477526495250.2,324758674936501.3,184471385389897.4,312643251309990.0,2006350838131639.0,668783612710546.4
501,,226.290816191965,1312259915004659.0,1213093254125840.5,335486294254730.6,191428081123356.88,325414414899774.9,2065422044403703.0,688474014801234.4
502,,226.22613936386148,1342811599473969.0,1244340277196668.8,347156753937683.1,198994695678802.28,339310522406390.3,2129802249219544.5,709934083073181.5
503,,226.16161420926625,1374879718974387.8,1277462420316234.5,359564874483536.25,207059784469383.53,354154096782463.2,2198241176051617.5,732747058683872.5
504,,226.09124934823004,1407915943914504.5,1312283019872275.0,372684131162380.6,215612141980874.75,369931752700494.5,2270511045716025.0,756837015238675.0
505,,226.01668492211488,1442168311197701.8,1348932093402598.2,386582458815249.4,224703103289837.94,386750558117478.44,2346968213625164.0,782322737875054.6
506,,225.93751627447347,1478073294203698.0,1387943761320224.8,401452153881313.56,234457069062350.56,404842306930666.94,2428695291194555.5,809565097064851.9
507,,225.85953066806127,1515902231415121.5,1429381161140888.5,417297942556899.3,244877900959432.88,424222435048002.7,2515779439705223.0,838593146568407.6
508,,225.77921041808915,1555025854367415.5,1472853120968558.2,434013753707997.0,255905164304959.94,444786674874839.4,2607558713856354.5,869186237952118.1
509,,225.69233912362446,1594756700527502.2,1517926780261743.2,451490622818509.56,267477278001277.16,466431092393028.8,2703325773474559.0,901108591158186.4
510,,225.60136935123617,1634876142875064.2,1564152176468910.5,469617602678032.75,279542293460613.0,489083717360157.75,2802395789967714.0,934131929989238.0
511,,225.50503374348278,1675257907607450.2,1611636817778435.8,488414771320158.2,292106309007787.5,512749567027768.6,2904907465134150.0,968302488378050.0
512,,225.40774367738882,1715925768511873.0,1660015536336941.8,507793106757912.9,305132686274576.1,537388273422993.25,3010329602792424.0,1003443200930808.0
513,,225.29838090761217,1756198957263120.0,1709459126854266.2,527854711789643.75,318684185605885.4,563103018188563.4,3119101042438359.0,1039700347479453.0
514,,225.18808027009314,1796705648641350.5,1759811233457050.8,548538094055063.8,332738210337051.75,589877609146459.2,3230965146995625.0,1076988382331875.0
515,,225.0698193465299,1837144643094441.2,1811419534472417.5,569985720371069.8,347378733113401.25,617858116290401.6,3346642104247289.5,1115547368082429.9
516,,224.947906399092,1877777659691973.0,1864232199497789.0,592201017960296.2,362627356952542.1,647101474771646.6,3466162049182273.5,1155387349727424.5
517,,224.82419051804357,1918772054047494.8,1918305446988220.0,615222082661450.2,378516738968170.44,677682721246600.5,3589726989864441.0,1196575663288147.0
518,,224.69005381117788,1959581815556465.5,1973805307318919.8,639165131808201.0,395127816699895.4,709747099730136.0,3717845355557152.5,1239281785185717.5
519,,224.5544466677409,2000960965113835.2,2030832301495904.8,664017961949859.4,412453419294771.7,743309409803511.9,3850613092544047.5,1283537697514682.5
520,,224.41235404141182,2042457516293270.8,2089383737645653.0,689832057818327.6,430540292192748.25,778465957925870.1,3988222045582599.0,1329407348527533.0
521,,224.22008016644645,2078859052356058.5,2147968715835942.8,716449047508305.1,449346622666706.44,815318340997507.5,4129082727008462.0,1376360909002820.8
522,,224.02485107734708,2115698888391721.0,2208387559243748.0,744158832354221.4,469007246634357.5,853940457628074.9,4275494095860402.0,1425164698620134.0
523,,223.83290525001237,2153338328531112.8,2270397133988693.5,772901882662398.8,489505542798336.5,894341036253485.0,4427145595702913.5,1475715198567637.8
524,,223.6368028179344,2191215459661108.2,2334173671088128.0,802800961568712.6,510927954963811.25,936677135142622.4,4584579722763274.0,1528193240921091.2
525,,223.44468963524207,2229988872208365.8,2399728449577207.5,833836682041799.9,533273136897861.94,980972134132478.0,4747810402649348.0,1582603467549782.8
526,,223.2494447055707,2268967672270056.5,2467056140830506.5,866091354856868.0,556610942217630.25,1027363695237533.5,4917122133142538.0,1639040711047512.8
527,,223.0506984215616,2308079269122968.5,2536240088653792.5,899628499471375.9,580991479825758.2,1075966997682149.9,5092827065633077.0,1697609021877692.2
528,,222.85256578224494,2347488817043436.5,2607066390795327.0,934405745948957.4,606417573130170.0,1126828126852457.2,5274717836726912.0,1758239278908970.8
529,,222.6468495448809,2386458813056319.0,2679801445928254.5,970589951255531.5,633000691455952.6,1180152144563591.0,5463544233203330.0,1821181411067776.8
530,,222.43800975840477,2425182102281649.5,2754296822826182.0,1008153066117020.5,660746668560454.1,1235999552728562.5,5659196110232219.0,1886398703410739.8
531,,222.22210788238485,2463153998141888.0,2830581494363267.5,1047191129410983.4,689744382065212.0,1294568455671666.5,5862085461511130.0,1954028487170376.8
532,,221.9969973457419,2500048161725879.5,2908732496494742.0,1087824985105167.0,720102227577614.0,1356105012681071.0,6072764721858594.0,2024254907286198.0
533,,221.76583544399787,2536938767011889.0,2989839686361990.0,1130437358288375.5,752084316114006.8,1421118907431141.5,6293480268195514.0,2097826756065171.2
534,,221.53368637650613,2574838503571760.5,3074675038675125.0,1175309838956206.2,785894964228162.5,1490012494457453.0,6525892336316947.0,2175297445438982.2
535,,221.2957314425638,2613323685595741.5,3163595451557345.0,1222695294822993.0,821737065576879.1,1563195872159898.0,6771223684117115.0,2257074561372371.5
536,,221.05626490874766,2653488529930356.5,3258002887053760.0,1273118739405516.2,859951674504907.0,1641324630841999.2,7032397931806182.0,2344132643935394.0
537,,220.8253923834817,2697602934686444.5,3360200494645668.0,1327417637356672.5,901107943190521.1,1725486533715650.8,7314212608908512.0,2438070869636170.5
538,,220.60809434876268,2746844263189820.5,3471597148581085.5,1386106693555107.5,945537573642190.8,1816317894772018.8,7619559310550403.0,2539853103516801.0
539,,220.39682863223277,2799994958266161.0,3591817466674543.0,1449186032083997.5,993256839693204.4,1913861681916418.8,7948122020368163.0,2649374006789387.5
540,,220.19677657865196,2857256715753208.0,3720440773072832.5,1516554484785815.8,1044249639991490.2,2018178752646634.0,8299423650496772.0,2766474550165590.5
541,,220.0075618174649,2918580493235729.5,3857654547049203.5,1588391281695446.2,1098667556793861.2,2129617014488318.8,8674330400026830.0,2891443466675610.0
542,,219.82299199270815,2983670697654248.5,4004433394023255.5,1665163837135706.2,1156803149154627.0,2248699286773665.5,9075099667087254.0,3025033222362418.0
543,,219.65503238420945,3053686881418926.0,4160466366325159.0,1746760022152525.5,1218652317187328.8,2375564634916646.0,9501443340581660.0,3167147780193886.5
544,,219.4996249164839,3128531398819243.0,4326618044570643.0,1833563326761675.0,1284449308036275.8,2510632318977479.5,9955262998346074.0,3318420999448691.5
545,,219.35106539700706,3207614241063845.5,4503186141909000.0,1925878927198443.0,1354427345576906.8,2654391472747399.5,1.043788388743175e+16,3479294629143916.5
546,,219.21253200797915,3291102043304716.0,4689930861892846.0,2023673497076012.2,1428604620940692.0,2806971645997571.0,1.094918062590712e+16,3649726875302373.5
547,,219.08783029487398,3379395049965364.0,4886750662955713.0,2126966754331286.2,1507035835765886.5,2968590350208853.5,1.148934360326174e+16,3829781201087246.5
548,,218.9722234934642,3471987709555615.0,5093922334751963.0,2235993589279835.0,1589887153598619.0,3139595589910347.5,1.2059398667540764e+16,4019799555846921.5
549,,218.86108071651282,3568103098956217.0,5311285608377923.0,2350899160096013.5,1677308749846278.2,3320347532704557.0,1.2659841051024772e+16,4219947017008257.5
550,,218.7518771969448,3667149454645296.5,5538576898315716.0,2471800647305869.0,1769432974015376.0,3511253363209924.5,1.3291063882846884e+16,4430354627615628.0
551,,218.65374437015214,3770813258129476.0,5776690793242576.0,2598991604546944.5,1866493198038583.0,3712868665220166.5,1.395504426104827e+16,4651681420349423.0
552,,218.5525732645763,3877078912244655.5,6025807469751780.0,2733079762363205.0,1969011712522711.5,3926299281282569.5,1.4654198225920266e+16,4884732741973422.0
553,,218.45739478415945,3987360071132717.0,6286199772511540.0,2874159930735884.0,2077187880037126.2,4152067526454242.0,1.5389615109738792e+16,5129871703246264.0
554,,218.3569588742168,4100022786149848.5,6558387954090629.0,3022862197567586.0,2191517047872198.5,4391157454714277.5,1.6163924654244692e+16,5387974884748231.0
555,,218.23859692590128,4210831705315229.0,6841151763726673.0,3179708909443436.5,2312628751624559.0,4644973141413387.0,1.6978462566208056e+16,5659487522069352.0
556,,218.11589101512627,4323289298375582.0,7136014830060566.0,3344921830091205.0,2440658301501458.0,4913857965263591.0,1.783545292691682e+16,5945150975638940.0
557,,217.9930298358085,4438570386336020.5,7444011932422271.0,3518965240923562.0,2575984440138541.5,5198623742308910.0,1.8737585355793284e+16,6245861785264428.0
558,,217.86874541708113,4556295938350106.0,7765331044038483.0,3702241769373235.0,2719004228826753.5,5500226418513913.0,1.9686803460752384e+16,6562267820250795.0
559,,217.7424799927412,4676299703863385.0,8100385483667866.0,3895235958578613.5,2870175972176056.5,5819712689456879.0,2.0685510103879416e+16,6895170034626472.0
560,,217.61530311756738,4798907180344809.0,8450036720972428.0,4098494536025557.0,3029970216911996.0,6158108222690774.0,2.173660969660075e+16,7245536565533584.0
561,,217.48591867629972,4923123860684434.0,8813270565359423.0,4312113119809341.5,3198684372810646.0,6516360229490606.0,2.2840428287470016e+16,7613476095823339.0
562,,217.3523339811388,5049727867838552.0,9193134369391148.0,4537475841573689.0,3377228238690731.0,6896025321601931.0,2.40038637712575e+16,8001287923752500.0
563,,217.22111342536246,5178977047890943.0,9588169663423086.0,4774255989067067.0,3565665748702961.0,7297757131675352.0,2.5225848532868464e+16,8408616177622821.0
564,,217.08293542791495,5309421423818083.0,9999829851117382.0,5023660397195852.0,3764894761422607.0,7723247636946446.0,2.651163264668229e+16,8837210882227429.0
565,,216.9429978991675,5441216535194796.0,1.0426955211489808e+16,5285528756770022.0,3975109047761164.5,8173320138798474.0,2.786091315481947e+16,9286971051606490.0
566,,216.80245803582585,5575266352794330.0,1.0871583440676228e+16,5560832357650737.0,4196991091447703.0,8649301886915046.0,2.927870877668971e+16,9759569592229904.0
567,,216.6596137273338,5710703747262713.0,1.1333271596070974e+16,5849882739965205.0,4430988696747610.0,9152345300792852.0,3.0766488333576644e+16,1.0255496111192214e+16
568,,216.51836935675388,5848278440688657.0,1.1812303235498014e+16,6152903651699366.0,4677412062228461.0,9683200710670116.0,3.2325819660095956e+16,1.0775273220031986e+16
569,,216.37026508011476,5985814468765271.0,1.2308634499271642e+16,6470488414071674.0,4936748635685425.0,1.0242846552512998e+16,3.3958718101541736e+16,1.1319572700513912e+16
570,,216.22375333470083,6124260586394712.0,1.2820246077907194e+16,6801470336765426.0,5208314394888968.0,1.0830128129107156e+16,3.5660158938668744e+16,1.1886719646222914e+16
571,,216.08239258089887,6263543114733580.0,1.3343803680842636e+16,7142945666753903.0,5489507233161852.0,1.1439043643148632e+16,3.741530022390702e+16,1.2471766741302342e+16
572,,215.96275991388697,6395110898067795.0,1.3838025207669426e+16,7465860461973562.0,5755702135274591.0,1.201554360943357e+16,3.907513141435115e+16,1.3025043804783718e+16
573,,215.86648723732966,6523082756294381.0,1.4311929370311102e+16,7775722954504438.0,6011582953357494.0,1.2569937547632478e+16,4.066917282580551e+16,1.355639094193517e+16
574,,215.705500896757,6665907721850178.0,1.490488616568943e+16,8176708421493083.0,6346586549289928.0,1.329982838243708e+16,4.272800951890952e+16,1.4242669839636506e+16
575,,215.53958883886722,6810053222745136.0,1.5524697311438392e+16,8601397960292955.0,6703320224874139.0,1.4078660999916462e+16,4.490807649652195e+16,1.4969358832173984e+16
